scope,term,spam_df,normal_df,hard_df,score,term_type
main_fit,优惠,171,1,21,563.1078502128228,positive
main_fit,您好,147,2,36,382.42862222465897,positive
main_fit,尊敬,64,0,8,347.52721473301966,positive
main_fit,尊敬的,64,0,8,347.52721473301966,positive
main_fit,敬的,64,0,8,347.52721473301966,positive
main_fit,x折,144,2,23,326.2257066886741,positive
main_fit,新老,52,0,11,311.9162312519754,positive
main_fit,三八,80,1,24,300.1804425851602,positive
main_fit,女节,42,0,10,250.12839055378367,positive
main_fit,送xx,48,0,6,244.44732429918074,positive
main_fit,"好,我是",39,0,11,243.7731892289082,positive
main_fit,满x,76,1,15,241.91568887212367,positive
main_fit,妇女节,40,0,10,239.84136359618387,positive
main_fit,元宵,73,1,15,233.40909122607127,positive
main_fit,满xx,73,1,14,228.34417753838855,positive
main_fit,询x,30,0,13,215.6988091333409,positive
main_fit,询xx,30,0,13,215.6988091333409,positive
main_fit,询xxx,30,0,13,215.6988091333409,positive
main_fit,满xxx,68,1,14,214.31376947813501,positive
main_fit,八节,36,0,9,210.57527680690023,positive
main_fit,致电,55,1,20,207.8752003337439,positive
main_fit,好消,30,0,12,206.86600636314594,positive
main_fit,好消息,30,0,12,206.86600636314594,positive
main_fit,女人节,44,0,4,206.2664757998632,positive
main_fit,谢您,34,0,9,200.56205059766782,positive
main_fit,感谢您,32,0,9,190.6211505324518,positive
main_fit,三八节,33,0,8,186.88348091416842,positive
main_fit,送xxx,38,0,5,185.42529206199478,positive
main_fit,祝您,64,1,10,183.49324482529317,positive
main_fit,三月,37,0,5,180.537605553291,positive
main_fit,抢购,33,0,7,178.25145920180677,positive
main_fit,送x,62,1,10,178.05406680765822,positive
main_fit,惠活,38,0,4,176.77640543759742,positive
main_fit,惠活动,38,0,4,176.77640543759742,positive
main_fit,详询,33,0,6,169.68845488924106,positive
main_fit,光临,55,1,12,168.78030820704427,positive
main_fit,的光临,34,0,5,165.99957543512713,positive
main_fit,老顾,33,0,5,161.19671242970443,positive
main_fit,老顾客,33,0,5,161.19671242970443,positive
main_fit,即日,31,0,6,160.05379102796098,positive
main_fit,您的光,32,0,5,156.4162048682346,positive
main_fit,即日起,30,0,6,155.26947024370165,positive
main_fit,x.x折,59,1,6,150.8275707129513,positive
main_fit,全场,91,3,18,150.41537170535733,positive
main_fit,春季,25,0,8,148.10714203387877,positive
main_fit,您的光临,30,0,5,146.9242764767005,positive
main_fit,"xx元,",50,1,10,145.93602217815254,positive
main_fit,新老顾,28,0,5,137.5280604600303,positive
main_fit,新老顾客,28,0,5,137.5280604600303,positive
main_fit,可享受,26,0,6,136.36379489719272,positive
main_fit,优惠活,31,0,3,135.10322633659771,positive
main_fit,优惠活动,31,0,3,135.10322633659771,positive
main_fit,新年,47,1,9,133.42069183854017,positive
main_fit,你好,72,3,22,133.2008990793158,positive
main_fit,"您好,我",25,0,6,131.69796430638962,positive
main_fit,线:xx,26,0,5,128.2322284035899,positive
main_fit,至x月,26,0,5,128.2322284035899,positive
main_fit,元宵节,44,1,9,125.65299746677465,positive
main_fit,宵节,44,1,9,125.65299746677465,positive
main_fit,迎您,44,1,9,125.65299746677465,positive
main_fit,热线:x,25,0,5,123.62353936146526,positive
main_fit,至x月x,25,0,5,123.62353936146526,positive
main_fit,欢迎您,43,1,9,123.07904932011579,positive
main_fit,咨询x,16,0,10,121.94596404216017,positive
main_fit,咨询xx,16,0,10,121.94596404216017,positive
main_fit,.com,17,0,9,118.65012717615585,positive
main_fit,新年好,22,0,6,117.8553540495266,positive
main_fit,全场x,39,1,10,117.36069016284438,positive
main_fit,人节,47,1,5,115.13846549301154,positive
main_fit,农行,16,0,9,114.03337883075187,positive
main_fit,话x,42,1,7,111.49265565470216,positive
main_fit,话xx,42,1,7,111.49265565470216,positive
main_fit,话xxx,42,1,7,111.49265565470216,positive
main_fit,我公,22,0,5,109.96274883578172,positive
main_fit,我公司,22,0,5,109.96274883578172,positive
main_fit,您的,94,5,20,106.76097288817313,positive
main_fit,电话x,40,1,7,106.45802779996701,positive
main_fit,电话xx,40,1,7,106.45802779996701,positive
main_fit,xx送x,21,0,5,105.46677971213853,positive
main_fit,x送x,21,0,5,105.46677971213853,positive
main_fit_negative,20,369,1,2,1106.8331507490784,hard_negative
main_fit_negative,10,280,1,4,816.78468654882,hard_negative
main_fit_negative,15,273,1,7,811.9230723840593,hard_negative
main_fit_negative,飞机,264,1,1,745.3967572223569,hard_negative
main_fit_negative,01,246,1,4,704.4952497393024,hard_negative
main_fit_negative,的人,140,0,0,697.7751445433217,hard_negative
main_fit_negative,201,213,1,0,574.1594336073381,hard_negative
main_fit_negative,015,177,1,1,466.86472252566796,hard_negative
main_fit_negative,百度,175,1,0,455.0025915633573,hard_negative
main_fit_negative,违法,97,0,0,449.32681290971607,hard_negative
main_fit_negative,2015,173,1,0,448.83781103166405,hard_negative
main_fit_negative,微软,93,0,0,427.0697095333804,hard_negative
main_fit_negative,真的,93,0,0,427.0697095333804,hard_negative
main_fit_negative,城管,91,0,0,416.00454908851174,hard_negative
main_fit_negative,质疑,91,0,0,416.00454908851174,hard_negative
main_fit_negative,江苏,154,1,4,413.1156924809489,hard_negative
main_fit_negative,st,82,0,1,376.61942790168166,hard_negative
main_fit_negative,14,76,0,3,363.70821067793213,hard_negative
main_fit_negative,50,136,1,3,353.3274332165652,hard_negative
main_fit_negative,发布,76,0,1,344.17999730847777,hard_negative
main_fit_negative,18,67,0,5,334.6558364095745,hard_negative
main_fit_negative,win,76,0,0,334.47301748273367,hard_negative
main_fit_negative,ow,74,0,0,323.81160851522327,hard_negative
main_fit_negative,南京,277,4,1,315.3478597819965,hard_negative
main_fit_negative,16,72,0,0,313.2035392038325,hard_negative
main_fit_negative,这样,72,0,0,313.2035392038325,hard_negative
main_fit_negative,12,120,1,3,306.0878794159199,hard_negative
main_fit_negative,80,67,0,2,305.89165742755387,hard_negative
main_fit_negative,wi,125,1,0,304.68576013794313,hard_negative
main_fit_negative,5年,124,1,0,301.76960858139387,hard_negative
main_fit_negative,13,60,0,4,288.03272162279893,hard_negative
main_fit_negative,警察,66,0,0,281.7144054991947,hard_negative
main_fit_negative,30,113,1,2,280.4618212752755,hard_negative
main_fit_negative,知道,160,2,0,272.70203425416616,hard_negative
main_fit_negative,15年,112,1,0,267.09741175724724,hard_negative
main_fit_negative,研究,63,0,0,266.168517335019,hard_negative
main_fit_negative,公安,62,0,0,261.0174877626666,hard_negative
main_fit_negative,千骨,108,1,1,260.8766603014791,hard_negative
main_fit_negative,花千,108,1,1,260.8766603014791,hard_negative
main_fit_negative,花千骨,108,1,1,260.8766603014791,hard_negative
main_fit_negative,19,60,0,1,260.00946625784076,hard_negative
main_fit_negative,nd,104,1,3,259.8582831053942,hard_negative
main_fit_negative,er,147,2,3,257.55369828983277,hard_negative
main_fit_negative,015年,107,1,0,252.83508626470788,hard_negative
main_fit_negative,真相,107,1,0,252.83508626470788,hard_negative
main_fit_negative,医生,106,1,0,249.99634264371196,hard_negative
main_fit_negative,7月,104,1,1,249.4939915349956,hard_negative
main_fit_negative,行为,59,0,0,245.66067373332604,hard_negative
main_fit_negative,90,55,0,2,243.62658063278514,hard_negative
main_fit_negative,检察,58,0,0,240.57470919043746,hard_negative
main_fit_negative,法律,57,0,0,235.50569461169232,hard_negative
main_fit_negative,社会,57,0,0,235.50569461169232,hard_negative
main_fit_negative,发生,56,0,0,230.45392226656938,hard_negative
main_fit_negative,腐败,56,0,0,230.45392226656938,hard_negative
main_fit_negative,电脑,246,5,0,226.80315319118506,hard_negative
main_fit_negative,de,49,0,3,222.33634715891884,hard_negative
main_fit_negative,ea,52,0,1,219.3941225610351,hard_negative
main_fit_negative,机器,94,1,0,216.3091523510257,hard_negative
main_fit_negative,腾讯,94,1,0,216.3091523510257,hard_negative
main_fit_negative,察院,53,0,0,215.40513851447082,hard_negative
main_fit_negative,所以,53,0,0,215.40513851447082,hard_negative
main_fit_negative,mo,51,0,1,214.39576333181458,hard_negative
main_fit_negative,ti,51,0,1,214.39576333181458,hard_negative
main_fit_negative,nba,52,0,0,210.42547141826248,hard_negative
main_fit_negative,检察院,52,0,0,210.42547141826248,hard_negative
main_fit_negative,里的,52,0,0,210.42547141826248,hard_negative
main_fit_negative,器人,91,1,0,208.00227454425587,hard_negative
main_fit_negative,机器人,91,1,0,208.00227454425587,hard_negative
main_fit_negative,浙江,188,4,4,207.34999344285248,hard_negative
main_fit_negative,as,51,0,0,205.46467336623422,hard_negative
main_fit_negative,ind,51,0,0,205.46467336623422,hard_negative
main_fit_negative,出现,51,0,0,205.46467336623422,hard_negative
main_fit_negative,扬州,51,0,0,205.46467336623422,hard_negative
main_fit_negative,来自,51,0,0,205.46467336623422,hard_negative
main_fit_negative,犯罪,51,0,0,205.46467336623422,hard_negative
main_fit_negative,21,45,0,3,202.37465550175258,hard_negative
main_fit_negative,应该,50,0,0,200.5231072689406,hard_negative
main_fit_negative,方向,50,0,0,200.5231072689406,hard_negative
main_fit_negative,25,44,0,3,197.43125155630244,hard_negative
main_fit_negative,还是,122,2,0,197.2995585702691,hard_negative
main_train,优惠,219,1,27,754.7862021180329,positive
main_train,您好,179,2,45,487.44903619839783,positive
main_train,x折,189,2,27,437.56498475462405,positive
main_train,尊敬,74,0,11,432.0716877365902,positive
main_train,尊敬的,74,0,11,432.0716877365902,positive
main_train,敬的,74,0,11,432.0716877365902,positive
main_train,新老,68,0,13,418.6383284901041,positive
main_train,三八,114,1,26,413.22145084657706,positive
main_train,"好,我是",54,0,16,370.85314930259443,positive
main_train,女节,61,0,11,360.39859305646485,positive
main_train,妇女节,59,0,11,349.5397499173879,positive
main_train,送xx,59,0,7,311.14725383493146,positive
main_train,满x,96,1,15,299.6246783272385,positive
main_train,好消,42,0,15,296.4123397698886,positive
main_train,好消息,42,0,15,296.4123397698886,positive
main_train,八节,49,0,11,295.98291822047844,positive
main_train,女人节,59,0,5,292.2071088926946,positive
main_train,满xx,92,1,14,282.7061444849453,positive
main_train,致电,67,1,26,272.5976869362002,positive
main_train,谢您,39,0,14,271.25091516637065,positive
main_train,元宵,84,1,16,269.9845502352137,positive
main_train,满xxx,85,1,13,257.32671160753705,positive
main_train,三八节,45,0,9,256.46932385487816,positive
main_train,感谢您,36,0,14,255.56866612708117,positive
main_train,询x,35,0,14,250.36947234740134,positive
main_train,询xx,35,0,14,250.36947234740134,positive
main_train,询xxx,35,0,14,250.36947234740134,positive
main_train,抢购,42,0,10,250.12839055378367,positive
main_train,惠活,49,0,6,249.57180482557928,positive
main_train,送x,79,1,13,240.2277731371226,positive
main_train,光临,76,1,14,236.82012409213462,positive
main_train,惠活动,48,0,5,235.3500587472922,positive
main_train,的光临,48,0,5,235.3500587472922,positive
main_train,送xxx,47,0,5,230.27693098602307,positive
main_train,x.x折,83,1,7,221.03211581932564,positive
main_train,春季,32,0,12,216.97976191690822,positive
main_train,祝您,76,1,10,216.5965437547473,positive
main_train,老顾,43,0,5,210.15829609797382,positive
main_train,老顾客,43,0,5,210.15829609797382,positive
main_train,全场,123,3,21,206.53445031045382,positive
main_train,三月,44,0,4,206.2664757998632,positive
main_train,您的光,42,0,5,205.17365357811823,positive
main_train,详询,40,0,6,204.0578228906331,positive
main_train,"xx元,",66,1,13,203.76423851233548,positive
main_train,新年,67,1,11,196.62515336101598,positive
main_train,您的光临,40,0,5,195.26071122094385,positive
main_train,即日,34,0,8,191.8212059003717,positive
main_train,新年好,34,0,8,191.8212059003717,positive
main_train,即日起,33,0,8,186.88348091416842,positive
main_train,"您好,我",33,0,7,178.25145920180677,positive
main_train,优惠活,40,0,3,177.85691279415826,positive
main_train,优惠活动,40,0,3,177.85691279415826,positive
main_train,可享受,34,0,6,174.53788713510247,positive
main_train,新老顾,35,0,5,170.82431506839816,positive
main_train,新老顾客,35,0,5,170.82431506839816,positive
main_train,你好,90,3,26,170.24771816901978,positive
main_train,线:xx,33,0,6,169.68845488924106,positive
main_train,全场x,53,1,13,168.18770477563862,positive
main_train,到店,34,0,5,165.99957543512713,positive
main_train,至x月,34,0,5,165.99957543512713,positive
main_train,热线:x,32,0,6,164.86027407583407,positive
main_train,迎您,51,1,13,162.80110352592985,positive
main_train,至x月x,33,0,5,161.19671242970443,positive
main_train,欢迎您,50,1,13,160.11699870934734,positive
main_train,无抵,24,0,10,159.99066276702362,positive
main_train,无抵押,24,0,10,159.99066276702362,positive
main_train,话x,53,1,11,158.6267162560342,positive
main_train,话xx,53,1,11,158.6267162560342,positive
main_train,话xxx,53,1,11,158.6267162560342,positive
main_train,x送x,27,0,8,157.67483329206883,positive
main_train,老客,30,0,6,155.26947024370165,positive
main_train,老客户,30,0,6,155.26947024370165,positive
main_train,电话x,51,1,11,153.2959848764867,positive
main_train,电话xx,51,1,11,153.2959848764867,positive
main_train,八妇,31,0,5,151.65855233105742,positive
main_train,八妇女,31,0,5,151.65855233105742,positive
main_train,八妇女节,31,0,5,151.65855233105742,positive
main_train,元宵节,53,1,9,149.15285015009516,positive
main_train,宵节,53,1,9,149.15285015009516,positive
main_train,新春,32,0,3,139.75723859978828,positive
main_train_negative,20,485,2,4,1020.0120877352359,hard_negative
main_train_negative,的人,169,0,0,873.0857342985446,hard_negative
main_train_negative,15,354,2,9,733.2127975428347,hard_negative
main_train_negative,10,345,2,5,695.479965184616,hard_negative
main_train_negative,01,321,2,5,640.7555922459627,hard_negative
main_train_negative,质疑,128,0,0,626.9158001626557,hard_negative
main_train_negative,飞机,319,2,1,619.4680138826217,hard_negative
main_train_negative,201,279,2,1,530.0053389173721,hard_negative
main_train_negative,st,108,0,1,521.7533206029582,hard_negative
main_train_negative,14,104,0,3,519.7165662107884,hard_negative
main_train_negative,城管,108,0,0,511.3569191629766,hard_negative
main_train_negative,18,86,0,6,448.72734982217236,hard_negative
main_train_negative,015,233,2,2,433.4639898653651,hard_negative
main_train_negative,2015,228,2,1,418.7321067870861,hard_negative
main_train_negative,12,156,1,3,413.6266659415569,hard_negative
main_train_negative,30,144,1,4,382.80189240482764,hard_negative
main_train_negative,百度,211,2,0,378.5320967434889,hard_negative
main_train_negative,真相,149,1,0,375.79764705721914,hard_negative
main_train_negative,江苏,195,2,3,356.4158581981158,hard_negative
main_train_negative,警察,79,0,0,350.5621307739105,hard_negative
main_train_negative,南京,349,5,2,345.9542393602877,hard_negative
main_train_negative,公安,78,0,0,345.1863803448947,hard_negative
main_train_negative,腐败,75,0,0,329.13573386176114,hard_negative
main_train_negative,行为,74,0,0,323.81160851522327,hard_negative
main_train_negative,研究,73,0,0,318.5008168971086,hard_negative
main_train_negative,50,169,2,4,306.1039477533954,hard_negative
main_train_negative,nba,68,0,0,292.15334881721094,hard_negative
main_train_negative,法律,68,0,0,292.15334881721094,hard_negative
main_train_negative,犯罪,68,0,0,292.15334881721094,hard_negative
main_train_negative,里的,68,0,0,292.15334881721094,hard_negative
main_train_negative,ea,66,0,1,291.14603165715135,hard_negative
main_train_negative,5年,169,2,0,291.02857809951485,hard_negative
main_train_negative,违法,120,1,0,290.14532800860286,hard_negative
main_train_negative,应该,67,0,0,286.9265239519753,hard_negative
main_train_negative,微软,115,1,0,275.70823108416914,hard_negative
main_train_negative,腾讯,112,1,1,272.3314107826835,hard_negative
main_train_negative,出现,64,0,0,271.3351725432164,hard_negative
main_train_negative,知道,199,3,1,267.8168978569833,hard_negative
main_train_negative,这些,63,0,0,266.168517335019,hard_negative
main_train_negative,wi,156,2,0,264.61019714656146,hard_negative
main_train_negative,真的,111,1,0,264.23593679252525,hard_negative
main_train_negative,ing,62,0,0,261.0174877626666,hard_negative
main_train_negative,所以,62,0,0,261.0174877626666,hard_negative
main_train_negative,15年,153,2,0,258.56356692389966,hard_negative
main_train_negative,er,188,3,2,253.42219290324988,hard_negative
main_train_negative,真是,60,0,0,250.763305714572,hard_negative
main_train_negative,as,59,0,0,245.66067373332604,hard_negative
main_train_negative,这种,57,0,1,244.6522466343432,hard_negative
main_train_negative,015年,146,2,0,244.53119675215805,hard_negative
main_train_negative,sa,55,0,2,243.62658063278514,hard_negative
main_train_negative,go,103,1,0,241.50832675535136,hard_negative
main_train_negative,1日,56,0,1,239.56613762223873,hard_negative
main_train_negative,ar,101,1,0,235.8736134774978,hard_negative
main_train_negative,100,99,1,1,235.37114635890424,hard_negative
main_train_negative,re,100,1,0,233.0635861004836,hard_negative
main_train_negative,声音,139,2,0,230.6099797217675,hard_negative
main_train_negative,nd,135,2,2,229.93850530733621,hard_negative
main_train_negative,电脑,316,7,0,228.19648278988723,hard_negative
main_train_negative,7月,133,2,1,222.37245662254216,hard_negative
main_train_negative,视频,54,0,0,220.40332518778592,hard_negative
main_train_negative,win,95,1,0,219.08871319045613,hard_negative
main_train_negative,40,87,1,4,217.04585169835394,hard_negative
main_train_negative,举报,53,0,0,215.40513851447082,hard_negative
main_train_negative,小偷,53,0,0,215.40513851447082,hard_negative
main_train_negative,那个,53,0,0,215.40513851447082,hard_negative
main_train_negative,80,90,1,2,215.29847592477967,hard_negative
main_train_negative,千骨,129,2,1,214.50868222085066,hard_negative
main_train_negative,花千,129,2,1,214.50868222085066,hard_negative
main_train_negative,花千骨,129,2,1,214.50868222085066,hard_negative
main_train_negative,资者,52,0,0,210.42547141826248,hard_negative
main_train_negative,投资者,51,0,0,205.46467336623422,hard_negative
main_train_negative,浙江,220,5,3,204.740608961849,hard_negative
main_train_negative,and,49,0,1,204.45493290166493,hard_negative
main_train_negative,小伙,49,0,1,204.45493290166493,hard_negative
main_train_negative,am,89,1,0,202.4914351648619,hard_negative
main_train_negative,发布,89,1,0,202.4914351648619,hard_negative
main_train_negative,po,50,0,0,200.5231072689406,hard_negative
main_train_negative,ow,88,1,0,199.7443184530802,hard_negative
main_train_negative,这样,88,1,0,199.7443184530802,hard_negative
main_train_negative,so,48,0,1,199.51317327683543,hard_negative
multisource_fit,lace,486,0,66,3909.2066029423254,positive
multisource_fit,plac,486,0,66,3909.2066029423254,positive
multisource_fit,dig,675,1,69,2691.647376880481,positive
multisource_fit,digi,675,1,69,2691.647376880481,positive
multisource_fit,igit,675,1,69,2691.647376880481,positive
multisource_fit,尊敬,299,0,47,2304.6339632990625,positive
multisource_fit,尊敬的,294,0,46,2256.938518708721,positive
multisource_fit,敬的,294,0,46,2256.938518708721,positive
multisource_fit,退订,303,0,21,2001.203513086089,positive
multisource_fit,git元,297,0,21,1960.164974946847,positive
multisource_fit,it元,297,0,21,1960.164974946847,positive
multisource_fit,t元,297,0,21,1960.164974946847,positive
multisource_fit,igi,675,2,69,1794.4315845869871,positive
multisource_fit,url,649,3,108,1435.5429529915734,positive
multisource_fit,git,675,3,69,1345.8236884402404,positive
multisource_fit,t.me,183,0,33,1344.9743383851148,positive
multisource_fit,http,182,0,32,1326.5475929475326,positive
multisource_fit,lac,487,2,67,1310.132722250094,positive
multisource_fit,tps,178,0,32,1300.5015264346841,positive
multisource_fit,tps:,178,0,32,1300.5015264346841,positive
multisource_fit,ttps,178,0,32,1300.5015264346841,positive
multisource_fit,name,598,3,83,1247.911922062562,positive
multisource_fit,ellp,144,0,40,1174.580060642623,positive
multisource_fit,llp,144,0,40,1174.580060642623,positive
multisource_fit,llph,144,0,40,1174.580060642623,positive
multisource_fit,lph,144,0,40,1174.580060642623,positive
multisource_fit,lpho,144,0,40,1174.580060642623,positive
multisource_fit,户您,153,0,35,1174.1513313733599,positive
multisource_fit,优惠,287,1,36,1040.5338328426192,positive
multisource_fit,回t,156,0,11,917.1895523131833,positive
multisource_fit,失效,97,0,41,888.2053079635244,positive
multisource_fit,用户您,115,0,27,843.6835871441842,positive
multisource_fit,nam,598,6,83,713.0925268928927,positive
multisource_fit,您好,252,2,54,689.1306789596593,positive
multisource_fit,htt,183,1,33,672.4871691925574,positive
multisource_fit,ttp,182,1,32,663.2737964737663,positive
multisource_fit,户您的,87,0,26,663.0677827752294,positive
multisource_fit,d退,121,0,7,660.9344869931874,positive
multisource_fit,td退,121,0,7,660.9344869931874,positive
multisource_fit,d退订,119,0,7,649.1210695854512,positive
multisource_fit,td退订,119,0,7,649.1210695854512,positive
multisource_fit,enam,104,0,11,603.7059542705083,positive
multisource_fit,ta6,57,0,37,601.1117496912714,positive
multisource_fit,cell,144,1,40,587.2900303213115,positive
multisource_fit,td,198,1,10,584.9856005901468,positive
multisource_fit,详询,91,0,16,580.5842721634033,positive
multisource_fit,订回,102,0,8,560.4340939561678,positive
multisource_fit,退订回,101,0,8,554.6566831635051,positive
multisource_fit,逾期,75,0,21,539.8158954633992,positive
multisource_fit,积分,151,1,27,534.3007380015978,positive
multisource_fit,fta,51,0,33,524.2328482658573,positive
multisource_fit,fta6,51,0,33,524.2328482658573,positive
multisource_fit,满d,93,0,9,519.0896466817192,positive
multisource_fit,满di,93,0,9,519.0896466817192,positive
multisource_fit,满dig,93,0,9,519.0896466817192,positive
multisource_fit,用户您的,70,0,21,510.9621092065416,positive
multisource_fit,请登,70,0,21,510.9621092065416,positive
multisource_fit,行用,69,0,21,505.21626472988714,positive
multisource_fit,行用户,69,0,21,505.21626472988714,positive
multisource_fit,回td,97,0,5,500.55073072880066,positive
multisource_fit,月日,89,0,9,496.2729438145357,positive
multisource_fit,给您,66,0,21,488.0297127781246,positive
multisource_fit,可兑,69,0,19,484.7727279310711,positive
multisource_fit,a67,49,0,30,482.02292981412694,positive
multisource_fit,ta67,48,0,30,476.26981591890535,positive
multisource_fit,已满,68,0,18,468.9203524587313,positive
multisource_fit,行用户您,66,0,19,467.7064661066183,positive
multisource_fit,可兑换,67,0,17,453.1504281620123,positive
multisource_fit,回td退,86,0,5,438.61349197375694,positive
multisource_fit,接回,86,0,5,438.61349197375694,positive
multisource_fit,lp,158,2,43,433.50852862109843,positive
multisource_fit,金请,59,0,17,408.3177096542463,positive
multisource_fit,即可,135,1,13,405.3196507815822,positive
multisource_fit,l查,59,0,16,398.42746730634246,positive
multisource_fit,rl查,59,0,16,398.42746730634246,positive
multisource_fit,url查,59,0,16,398.42746730634246,positive
multisource_fit,回u,82,0,3,396.43690936656213,positive
multisource_fit,期失,49,0,21,392.166548687801,positive
multisource_fit,现金请,56,0,17,391.6699234815795,positive
multisource_fit,请谅,59,0,15,388.5739302182679,positive
multisource_fit_negative,201,242,1,2,679.4053890022739,hard_negative
multisource_fit_negative,015,201,1,2,547.7663593659543,hard_negative
multisource_fit_negative,2015,197,1,2,535.1300540213516,hard_negative
multisource_fit_negative,质疑,112,0,0,534.1948235144945,hard_negative
multisource_fit_negative,微软,103,0,0,483.0166535107027,hard_negative
multisource_fit_negative,城管,97,0,0,449.32681290971607,hard_negative
multisource_fit_negative,这样,87,0,0,394.0056396740822,hard_negative
multisource_fit_negative,南京,305,4,0,350.2834082394857,hard_negative
multisource_fit_negative,警察,74,0,0,323.81160851522327,hard_negative
multisource_fit_negative,15年,129,1,0,316.38973927961285,hard_negative
multisource_fit_negative,千骨,127,1,1,315.88780628350867,hard_negative
multisource_fit_negative,花千,127,1,1,315.88780628350867,hard_negative
multisource_fit_negative,花千骨,127,1,1,315.88780628350867,hard_negative
multisource_fit_negative,江苏,176,2,0,305.3928342218559,hard_negative
multisource_fit_negative,015年,122,1,0,295.94933785540366,hard_negative
multisource_fit_negative,7月,118,1,0,284.357847840136,hard_negative
multisource_fit_negative,应该,66,0,0,281.7144054991947,hard_negative
multisource_fit_negative,社会,64,0,1,280.7068677157705,hard_negative
multisource_fit_negative,医生,114,1,0,272.8335973808869,hard_negative
multisource_fit_negative,真是,60,0,0,250.763305714572,hard_negative
multisource_fit_negative,腐败,59,0,0,245.66067373332604,hard_negative
multisource_fit_negative,5年,143,2,0,238.55103837964805,hard_negative
multisource_fit_negative,扬州,56,0,0,230.45392226656938,hard_negative
multisource_fit_negative,小偷,53,0,0,215.40513851447082,hard_negative
multisource_fit_negative,疾病,52,0,0,210.42547141826248,hard_negative
multisource_fit_negative,举报,51,0,0,205.46467336623422,hard_negative
multisource_fit_negative,浙江,209,5,5,196.92339436468095,hard_negative
multisource_fit_negative,1日,47,0,1,194.59101490553132,hard_negative
multisource_fit_negative,月2,47,0,1,194.59101490553132,hard_negative
multisource_fit_negative,都没,47,0,0,185.81764852357878,hard_negative
multisource_fit_negative,月1,81,1,1,185.59130552745714,hard_negative
multisource_fit_negative,虽然,46,0,0,180.95693728037276,hard_negative
multisource_fit_negative,8月,79,1,1,180.17241534157,hard_negative
multisource_fit_negative,江苏省,43,0,0,166.50434389240348,hard_negative
multisource_fit_negative,苏省,43,0,0,166.50434389240348,hard_negative
multisource_fit_negative,违法,105,2,0,164.77484799195972,hard_negative
multisource_fit_negative,的是,75,1,0,164.56786693088057,hard_negative
multisource_fit_negative,其实,42,0,0,161.73160497482317,hard_negative
multisource_fit_negative,苏州,127,3,0,155.26496844542774,hard_negative
multisource_fit_negative,常州,40,0,0,152.25645473487663,hard_negative
multisource_fit_negative,资者,40,0,0,152.25645473487663,hard_negative
multisource_fit_negative,感觉,98,2,0,151.63895505444145,hard_negative
multisource_fit_negative,在的,38,0,1,151.24405761867138,hard_negative
multisource_fit_negative,可是,39,0,0,147.55517816455745,hard_negative
multisource_fit_negative,投资者,39,0,0,147.55517816455745,hard_negative
multisource_fit_negative,真相,121,3,0,146.52264186436432,hard_negative
multisource_fit_negative,0多,67,1,0,143.46326197598765,hard_negative
multisource_fit_negative,年7月,38,0,0,142.8789041990562,hard_negative
multisource_fit_negative,派出,38,0,0,142.8789041990562,hard_negative
multisource_fit_negative,研究生,38,0,0,142.8789041990562,hard_negative
multisource_fit_negative,究生,38,0,0,142.8789041990562,hard_negative
multisource_fit_negative,真的,117,3,0,140.73519642173713,hard_negative
multisource_fit_negative,15年7,37,0,0,138.22827406960266,hard_negative
multisource_fit_negative,5年7,37,0,0,138.22827406960266,hard_negative
multisource_fit_negative,5年7月,37,0,0,138.22827406960266,hard_negative
multisource_fit_negative,之一,37,0,0,138.22827406960266,hard_negative
multisource_fit_negative,的人,159,5,0,135.33796840623538,hard_negative
multisource_fit_negative,出所,36,0,0,133.6039627678363,hard_negative
multisource_fit_negative,南通,36,0,0,133.6039627678363,hard_negative
multisource_fit_negative,法行,36,0,0,133.6039627678363,hard_negative
multisource_fit_negative,派出所,36,0,0,133.6039627678363,hard_negative
multisource_fit_negative,的飞机,36,0,0,133.6039627678363,hard_negative
multisource_fit_negative,了我,63,1,0,133.0842586675095,hard_negative
multisource_fit_negative,发生,63,1,0,133.0842586675095,hard_negative
multisource_fit_negative,里的,63,1,0,133.0842586675095,hard_negative
multisource_fit_negative,百度,194,7,1,129.9735734835515,hard_negative
multisource_fit_negative,他的,35,0,0,129.00668178441995,hard_negative
multisource_fit_negative,公安局,35,0,0,129.00668178441995,hard_negative
multisource_fit_negative,在电,35,0,0,129.00668178441995,hard_negative
multisource_fit_negative,安局,35,0,0,129.00668178441995,hard_negative
multisource_fit_negative,执法,35,0,0,129.00668178441995,hard_negative
multisource_fit_negative,裁判,35,0,0,129.00668178441995,hard_negative
multisource_fit_negative,诉讼,35,0,0,129.00668178441995,hard_negative
multisource_fit_negative,东西,60,1,0,125.381652857286,hard_negative
multisource_fit_negative,在南京,34,0,0,124.43718215212947,hard_negative
multisource_fit_negative,比赛,34,0,0,124.43718215212947,hard_negative
multisource_fit_negative,法行为,34,0,0,124.43718215212947,hard_negative
multisource_fit_negative,goo,59,1,0,122.83033686666302,hard_negative
multisource_fit_negative,nba,59,1,0,122.83033686666302,hard_negative
multisource_fit_negative,华为,81,2,0,120.4503260918896,hard_negative
multisource_train,lace,597,0,74,4856.65272203027,positive
multisource_train,plac,597,0,74,4856.65272203027,positive
multisource_train,dig,841,1,81,3427.4698757204314,positive
multisource_train,digi,841,1,81,3427.4698757204314,positive
multisource_train,igit,841,1,81,3427.4698757204314,positive
multisource_train,尊敬,376,0,65,3088.2941102133927,positive
multisource_train,尊敬的,370,0,64,3031.5976695132535,positive
multisource_train,敬的,370,0,64,3031.5976695132535,positive
multisource_train,退订,379,0,26,2594.7445649479487,positive
multisource_train,t元,371,0,22,2486.1619782679404,positive
multisource_train,git元,370,0,22,2479.130988925743,positive
multisource_train,it元,370,0,22,2479.130988925743,positive
multisource_train,git,841,3,81,1713.7349378602157,positive
multisource_train,igi,841,3,81,1713.7349378602157,positive
multisource_train,t.me,222,0,36,1639.2642782013636,positive
multisource_train,lac,598,2,75,1626.1364510244393,positive
multisource_train,http,221,0,35,1620.3302167894042,positive
multisource_train,name,749,3,102,1609.2993866487918,positive
multisource_train,户您,194,0,48,1598.4808800120995,positive
multisource_train,tps,217,0,35,1593.616172753526,positive
multisource_train,tps:,217,0,35,1593.616172753526,positive
multisource_train,ttps,217,0,35,1593.616172753526,positive
multisource_train,llp,178,0,53,1552.3201509248984,positive
multisource_train,ellp,177,0,53,1545.6466297881893,positive
multisource_train,llph,177,0,53,1545.6466297881893,positive
multisource_train,lph,177,0,53,1545.6466297881893,positive
multisource_train,lpho,177,0,53,1545.6466297881893,positive
multisource_train,url,813,4,135,1486.2526275386324,positive
multisource_train,优惠,373,1,43,1387.6098310137243,positive
multisource_train,失效,130,0,53,1235.9397745533297,positive
multisource_train,回t,199,0,13,1211.6520294503302,positive
multisource_train,用户您,149,0,39,1195.1183194335986,positive
multisource_train,nam,749,6,102,919.5996495135952,positive
multisource_train,户您的,113,0,34,909.4926338250689,positive
multisource_train,d退,152,0,7,847.5540271440491,positive
multisource_train,td退,152,0,7,847.5540271440491,positive
multisource_train,您好,299,2,60,824.0545644030218,positive
multisource_train,d退订,148,0,7,823.1265291816745,positive
multisource_train,td退订,148,0,7,823.1265291816745,positive
multisource_train,htt,223,1,36,822.9808813902981,positive
multisource_train,ttp,221,1,35,810.1651083947021,positive
multisource_train,行用,99,0,31,789.7819663585865,positive
multisource_train,行用户,99,0,31,789.7819663585865,positive
multisource_train,cell,177,1,53,772.8233148940947,positive
multisource_train,订回,131,0,11,764.2780730600257,positive
multisource_train,enam,127,0,13,762.1090231182379,positive
multisource_train,退订回,130,0,11,758.2415398129929,positive
multisource_train,ta6,69,0,43,737.4724997191252,positive
multisource_train,逾期,95,0,28,732.6827979719657,positive
multisource_train,用户您的,93,0,29,731.4520220166074,positive
multisource_train,行用户您,91,0,28,708.5487779317427,positive
multisource_train,满d,118,0,10,675.5139242062723,positive
multisource_train,满di,118,0,10,675.5139242062723,positive
multisource_train,满dig,118,0,10,675.5139242062723,positive
multisource_train,详询,106,0,16,668.893625396766,positive
multisource_train,可兑,87,0,26,663.0677827752294,positive
multisource_train,回td,124,0,5,657.1171508115036,positive
multisource_train,请登,87,0,25,652.379518982303,positive
multisource_train,fta,62,0,38,641.5017518409351,positive
multisource_train,fta6,62,0,38,641.5017518409351,positive
multisource_train,月日,108,0,11,627.161418304448,positive
multisource_train,可兑换,84,0,24,623.949268336476,positive
multisource_train,已满,84,0,24,623.949268336476,positive
multisource_train,a67,59,0,34,581.5417321305605,positive
multisource_train,ta67,58,0,34,575.6401356304635,positive
multisource_train,l查,75,0,24,571.0411030625233,positive
multisource_train,rl查,75,0,24,571.0411030625233,positive
multisource_train,url查,75,0,24,571.0411030625233,positive
multisource_train,金请,75,0,24,571.0411030625233,positive
multisource_train,回td退,110,0,4,564.6469232752268,positive
multisource_train,期失,65,0,28,554.2819634369405,positive
multisource_train,现金请,72,0,24,553.5400283989093,positive
multisource_train,接回,102,0,7,549.9562027977128,positive
multisource_train,回u,102,0,6,539.5050064563515,positive
multisource_train,期失效,64,0,27,538.0928406688358,positive
multisource_train,建设银,66,0,25,529.0492635147377,positive
multisource_train,建设银行,66,0,25,529.0492635147377,positive
multisource_train,设银,66,0,25,529.0492635147377,positive
multisource_train,设银行,66,0,25,529.0492635147377,positive
multisource_train,分可兑,65,0,24,512.9783024176502,positive
multisource_train_negative,质疑,151,0,0,763.629839168634,hard_negative
multisource_train_negative,城管,117,0,0,562.9407856869485,hard_negative
multisource_train_negative,015,264,2,2,500.98996303655576,hard_negative
multisource_train_negative,2015,259,2,2,490.0143163309765,hard_negative
multisource_train_negative,201,318,3,2,466.0438706927488,hard_negative
multisource_train_negative,应该,91,0,0,416.00454908851174,hard_negative
multisource_train_negative,警察,89,0,0,404.9828703297238,hard_negative
multisource_train_negative,南京,390,5,0,388.9607759923797,hard_negative
multisource_train_negative,腐败,79,0,0,350.5621307739105,hard_negative
multisource_train_negative,真是,73,0,0,318.5008168971086,hard_negative
multisource_train_negative,微软,128,1,0,313.45790008132786,hard_negative
multisource_train_negative,15年,175,2,0,303.3350610422382,hard_negative
multisource_train_negative,江苏,218,3,0,295.05167720745345,hard_negative
multisource_train_negative,015年,166,2,0,284.90165555786604,hard_negative
multisource_train_negative,举报,64,0,0,271.3351725432164,hard_negative
multisource_train_negative,1日,60,0,1,260.00946625784076,hard_negative
multisource_train_negative,月2,60,0,1,260.00946625784076,hard_negative
multisource_train_negative,千骨,151,2,1,258.22914663147833,hard_negative
multisource_train_negative,花千,151,2,1,258.22914663147833,hard_negative
multisource_train_negative,花千骨,151,2,1,258.22914663147833,hard_negative
multisource_train_negative,5年,194,3,0,257.0587284799827,hard_negative
multisource_train_negative,7月,151,2,0,254.543279722878,hard_negative
multisource_train_negative,这样,107,1,0,252.83508626470788,hard_negative
multisource_train_negative,小偷,60,0,0,250.763305714572,hard_negative
multisource_train_negative,资者,57,0,0,235.50569461169232,hard_negative
multisource_train_negative,投资者,56,0,0,230.45392226656938,hard_negative
multisource_train_negative,的是,96,1,0,221.87348245741407,hard_negative
multisource_train_negative,真相,166,3,0,213.67624166839954,hard_negative
multisource_train_negative,虽然,51,0,0,205.46467336623422,hard_negative
multisource_train_negative,常州,47,0,0,185.81764852357878,hard_negative
multisource_train_negative,在的,45,0,1,184.8070848820828,hard_negative
multisource_train_negative,goo,81,1,0,180.67548913783438,hard_negative
multisource_train_negative,浙江,246,7,5,177.6329094363045,hard_negative
multisource_train_negative,公安局,45,0,0,176.11750423849838,hard_negative
multisource_train_negative,可是,45,0,0,176.11750423849838,hard_negative
multisource_train_negative,安局,45,0,0,176.11750423849838,hard_negative
multisource_train_negative,东西,78,1,0,172.59319017244735,hard_negative
multisource_train_negative,判决,44,0,0,171.29981203966437,hard_negative
multisource_train_negative,在电,44,0,0,171.29981203966437,hard_negative
multisource_train_negative,研究生,44,0,0,171.29981203966437,hard_negative
multisource_train_negative,究生,44,0,0,171.29981203966437,hard_negative
multisource_train_negative,nba,77,1,0,169.91164424089408,hard_negative
multisource_train_negative,社会,75,1,1,169.40841145229368,hard_negative
multisource_train_negative,的人,191,5,0,168.239851904889,hard_negative
multisource_train_negative,诉讼,43,0,0,166.50434389240348,hard_negative
multisource_train_negative,这些,75,1,0,164.56786693088057,hard_negative
multisource_train_negative,8月,102,2,1,162.55368146994803,hard_negative
multisource_train_negative,法行,42,0,0,161.73160497482317,hard_negative
multisource_train_negative,违法,130,3,0,159.6627123348377,hard_negative
multisource_train_negative,goog,73,1,0,159.2504084485543,hard_negative
multisource_train_negative,别人,71,1,1,158.74699932249047,hard_negative
multisource_train_negative,男子,41,0,0,156.9821239679015,hard_negative
multisource_train_negative,ogl,72,1,0,156.60176960191626,hard_negative
multisource_train_negative,ogle,72,1,0,156.60176960191626,hard_negative
multisource_train_negative,oogl,72,1,0,156.60176960191626,hard_negative
multisource_train_negative,华为,99,2,0,153.50567286626975,hard_negative
multisource_train_negative,在南京,40,0,0,152.25645473487663,hard_negative
multisource_train_negative,执法,40,0,0,152.25645473487663,hard_negative
multisource_train_negative,死刑,40,0,0,152.25645473487663,hard_negative
multisource_train_negative,法行为,40,0,0,152.25645473487663,hard_negative
multisource_train_negative,采用,40,0,0,152.25645473487663,hard_negative
multisource_train_negative,他的,39,0,0,147.55517816455745,hard_negative
multisource_train_negative,比赛,39,0,0,147.55517816455745,hard_negative
multisource_train_negative,裁判,39,0,0,147.55517816455745,hard_negative
multisource_train_negative,医生,143,4,0,143.13062302778883,hard_negative
multisource_train_negative,是很,38,0,0,142.8789041990562,hard_negative
multisource_train_negative,说我,38,0,0,142.8789041990562,hard_negative
multisource_train_negative,违法行,38,0,0,142.8789041990562,hard_negative
multisource_train_negative,违法行为,38,0,0,142.8789041990562,hard_negative
multisource_train_negative,苏州,166,5,0,142.45082777893302,hard_negative
multisource_train_negative,真的,140,4,0,139.55502890866435,hard_negative
multisource_train_negative,了一下,37,0,0,138.22827406960266,hard_negative
multisource_train_negative,反腐,37,0,0,138.22827406960266,hard_negative
multisource_train_negative,我只,37,0,0,138.22827406960266,hard_negative
multisource_train_negative,感觉,115,3,0,137.85411554208457,hard_negative
multisource_train_negative,医院,247,9,0,136.73303290489156,hard_negative
multisource_train_negative,7月2,36,0,0,133.6039627678363,hard_negative
multisource_train_negative,一种,36,0,0,133.6039627678363,hard_negative
multisource_train_negative,房地产,36,0,0,133.6039627678363,hard_negative
multisource_train_negative,整治,36,0,0,133.6039627678363,hard_negative
