scope,source_term,text,label,augmentation_type,base_score
main_fit,优惠,优会,1,filtered_positive,0.6461668015982014
main_fit,优惠,优回,1,filtered_positive,0.4627063742104744
main_fit,优惠,游惠,1,filtered_positive,0.5121270668416801
main_fit,您好,您 好,1,filtered_positive,0.14907678881679662
main_fit,您好,您号,1,filtered_positive,0.35721887771631766
main_fit,您好,您好,1,filtered_positive,0.14907678881679662
main_fit,您好,您好好,1,filtered_positive,0.31183209881972196
main_fit,您好,您您好,1,filtered_positive,0.23539388310724538
main_fit,您好,您豪,1,filtered_positive,0.5098489648818805
main_fit,尊敬,尊 敬,1,filtered_positive,0.16021259723275622
main_fit,尊敬,尊京,1,filtered_positive,0.12941351201964874
main_fit,尊敬,尊尊敬,1,filtered_positive,0.15025232752177808
main_fit,尊敬,尊敬,1,filtered_positive,0.16021259723275622
main_fit,尊敬,尊敬敬,1,filtered_positive,0.22410513826582487
main_fit,尊敬,尊经,1,filtered_positive,0.10090865604652527
main_fit,尊敬,樽敬,1,filtered_positive,0.30829100530867193
main_fit,尊敬,遵敬,1,filtered_positive,0.15346566847579188
main_fit,尊敬的,尊 敬 的,1,filtered_positive,0.177530558441315
main_fit,尊敬的,尊 敬的,1,filtered_positive,0.177530558441315
main_fit,尊敬的,尊-敬的,1,filtered_positive,0.37116753902267086
main_fit,尊敬的,尊京的,1,filtered_positive,0.22440244160882822
main_fit,尊敬的,尊尊敬的,1,filtered_positive,0.1630471797584709
main_fit,尊敬的,尊敬 的,1,filtered_positive,0.177530558441315
main_fit,尊敬的,尊敬-的,1,filtered_positive,0.2452450107295437
main_fit,尊敬的,尊敬得,1,filtered_positive,0.11835228188798193
main_fit,尊敬的,尊敬德,1,filtered_positive,0.14211119248709947
main_fit,尊敬的,尊敬敬的,1,filtered_positive,0.21393362488874634
main_fit,尊敬的,尊敬的,1,filtered_positive,0.17753102343965713
main_fit,尊敬的,尊经的,1,filtered_positive,0.17961785508794767
main_fit,尊敬的,樽敬的,1,filtered_positive,0.322563913748444
main_fit,尊敬的,遵敬的,1,filtered_positive,0.1636012165317582
main_fit,敬的,京的,1,filtered_positive,0.06869954978907802
main_fit,敬的,敬 的,1,filtered_positive,0.2569908018429235
main_fit,敬的,敬得,1,filtered_positive,0.18988148456182116
main_fit,敬的,敬德,1,filtered_positive,0.14304047720342078
main_fit,敬的,敬敬的,1,filtered_positive,0.22663305113024348
main_fit,敬的,敬的,1,filtered_positive,0.2569908018429235
main_fit,敬的,敬的的,1,filtered_positive,0.17129538575609837
main_fit,敬的,经的,1,filtered_positive,0.0670878300119147
main_fit,x折,x 折,1,filtered_positive,0.7132191968101215
main_fit,x折,x折,1,filtered_positive,0.7132191968101215
main_fit,x折,x折折,1,filtered_positive,0.6896643169319502
main_fit,x折,x着,1,filtered_positive,0.24467766792252157
main_fit,x折,x这,1,filtered_positive,0.08158840749774761
main_fit,新老,信老,1,filtered_positive,0.09212563342181256
main_fit,新老,新 老,1,filtered_positive,0.09999113101419324
main_fit,新老,新劳,1,filtered_positive,0.1502380928266068
main_fit,新老,新新老,1,filtered_positive,0.14852386950785468
main_fit,新老,新牢,1,filtered_positive,0.1671376628341777
main_fit,新老,新老,1,filtered_positive,0.09999113101419324
main_fit,新老,新老老,1,filtered_positive,0.07300871212813308
main_fit,三八,三把,1,filtered_positive,0.09174805812529797
main_fit,女节,女 节,1,filtered_positive,0.27203701641974637
main_fit,女节,女女节,1,filtered_positive,0.2552645912775185
main_fit,女节,女接,1,filtered_positive,0.2307087893288905
main_fit,女节,女结,1,filtered_positive,0.11018652804373585
main_fit,女节,女节,1,filtered_positive,0.27203701641974637
main_fit,女节,女节节,1,filtered_positive,0.40715414448678544
main_fit,送xx,讼xx,1,filtered_positive,0.5957347265216244
main_fit,"好,我是","号,我是",1,filtered_positive,0.5043245137954379
main_fit,"好,我是","好 , 我 是",1,filtered_positive,0.6196849422650077
main_fit,"好,我是","好 ,我是",1,filtered_positive,0.6196849422650077
main_fit,"好,我是","好,卧是",1,filtered_positive,0.2570610718303349
main_fit,"好,我是","好,我 是",1,filtered_positive,0.6196849422650077
main_fit,"好,我是","好,我市",1,filtered_positive,0.367232102640324
main_fit,"好,我是","好,我时",1,filtered_positive,0.3800100828643354
main_fit,"好,我是","好,我是",1,filtered_positive,0.6196849422650077
main_fit,"好,我是","好好,我是",1,filtered_positive,0.676334685101261
main_fit,"好,我是","豪,我是",1,filtered_positive,0.7192809801385508
main_fit,满x,满 x,1,filtered_positive,0.295073899172082
main_fit,满x,满x,1,filtered_positive,0.295073899172082
main_fit,满x,满xx,1,filtered_positive,0.6725256914010617
main_fit,满x,满满x,1,filtered_positive,0.20995393645381544
main_fit,满x,漫x,1,filtered_positive,0.07395318865636266
main_fit,妇女节,妇 女 节,1,filtered_positive,0.30522600887890017
main_fit,妇女节,妇 女节,1,filtered_positive,0.30522600887890017
main_fit,妇女节,妇-女节,1,filtered_positive,0.4680112661349308
main_fit,妇女节,妇女 节,1,filtered_positive,0.30522600887890017
main_fit,妇女节,妇女-节,1,filtered_positive,0.4946567145615759
main_fit,妇女节,妇女女节,1,filtered_positive,0.34732718569996246
main_fit,妇女节,妇女接,1,filtered_positive,0.179175714688345
main_fit,妇女节,妇女结,1,filtered_positive,0.1261665423326994
main_fit,妇女节,妇女节,1,filtered_positive,0.3052262161575562
main_fit,妇女节,妇妇女节,1,filtered_positive,0.38344934999037195
main_fit,妇女节,府女节,1,filtered_positive,0.16532516945130626
main_fit,妇女节,服女节,1,filtered_positive,0.10637139255289232
main_fit,元宵,元元宵,1,filtered_positive,0.07736205586268692
main_fit,元宵,元小,1,filtered_positive,0.29811708656409214
main_fit,元宵,元消,1,filtered_positive,0.2139340886754943
main_fit,满xx,慢xx,1,filtered_positive,0.059429126043677394
main_fit,满xx,满 x x,1,filtered_positive,0.3946701776784997
main_fit,满xx,满 xx,1,filtered_positive,0.6725257336087017
main_fit,满xx,满-xx,1,filtered_positive,0.7220125998326657
main_fit,满xx,满x x,1,filtered_positive,0.3946701776784997
main_fit,满xx,满x-x,1,filtered_positive,0.4472844525901892
main_fit,满xx,满xxx,1,filtered_positive,0.6787525004216278
main_fit,满xx,满满xx,1,filtered_positive,0.5104261568709798
main_fit,满xx,漫xx,1,filtered_positive,0.27624760272654597
main_fit,询x,训x,1,filtered_positive,0.21346778205650388
main_fit,询x,讯x,1,filtered_positive,0.29834120251852353
main_fit,询x,询 x,1,filtered_positive,0.4995303816531725
main_fit,询x,询x,1,filtered_positive,0.4995303816531725
main_fit,询x,询询x,1,filtered_positive,0.4614614586831967
main_fit,询xx,训xx,1,filtered_positive,0.6122961618932564
main_fit,询xx,讯xx,1,filtered_positive,0.5672741572067463
main_fit,询xx,询 x x,1,filtered_positive,0.6714204488649952
main_fit,询xx,询x x,1,filtered_positive,0.6714204488649952
main_fit,询xx,询x-x,1,filtered_positive,0.7227808621156804
main_fit,询xxx,训xxx,1,filtered_positive,0.6092505147702281
main_fit,询xxx,讯xxx,1,filtered_positive,0.4873086984742306
main_fit,满xxx,慢xxx,1,filtered_positive,0.06132975782129736
main_fit,满xxx,满 x x x,1,filtered_positive,0.479710733663805
main_fit,满xxx,满 xxx,1,filtered_positive,0.6787525004216278
main_fit,满xxx,满xx x,1,filtered_positive,0.6340017099559958
main_fit,满xxx,满xx-x,1,filtered_positive,0.7206336664201461
main_fit,满xxx,满xxxx,1,filtered_positive,0.5882237292525723
main_fit,满xxx,满满xxx,1,filtered_positive,0.5040751200560717
main_fit,满xxx,漫xxx,1,filtered_positive,0.2437952253026379
main_fit,八节,八 节,1,filtered_positive,0.0869572065939013
main_fit,八节,八八节,1,filtered_positive,0.05427244839129131
main_fit,八节,八接,1,filtered_positive,0.06425302791726258
main_fit,八节,八结,1,filtered_positive,0.05634491999714089
main_fit,八节,八节,1,filtered_positive,0.0869572065939013
main_fit,八节,八节节,1,filtered_positive,0.14188949603421952
main_fit,八节,吧节,1,filtered_positive,0.11610236120592145
main_fit,八节,把节,1,filtered_positive,0.2944484854674361
main_fit,致电,致 电,1,filtered_positive,0.1329733277216056
main_fit,致电,致店,1,filtered_positive,0.464260950628339
main_fit,致电,致点,1,filtered_positive,0.19635630075693083
main_fit,致电,致电,1,filtered_positive,0.1329733277216056
main_fit,致电,致电电,1,filtered_positive,0.06796746609899984
main_fit,致电,致致电,1,filtered_positive,0.14058167971749344
main_fit,好消,号消,1,filtered_positive,0.1815837094734839
main_fit,好消,好 消,1,filtered_positive,0.12036488626038
main_fit,好消,好好消,1,filtered_positive,0.1335179782727332
main_fit,好消,好小,1,filtered_positive,0.22783630322661053
main_fit,好消,好消,1,filtered_positive,0.12036488626038
main_fit,好消,好消消,1,filtered_positive,0.15295152593409062
main_fit,好消,好销,1,filtered_positive,0.7244380655759924
main_fit,好消,豪消,1,filtered_positive,0.27968712821873876
main_fit,好消息,号消息,1,filtered_positive,0.41244149609865627
main_fit,好消息,好 消 息,1,filtered_positive,0.3111833674568956
main_fit,好消息,好 消息,1,filtered_positive,0.31118370158604225
main_fit,好消息,好-消息,1,filtered_positive,0.44443121644040806
main_fit,好消息,好好消息,1,filtered_positive,0.30763780786811246
main_fit,好消息,好小息,1,filtered_positive,0.31023817286515465
main_fit,好消息,好消 息,1,filtered_positive,0.31118370158604225
main_fit,好消息,好消-息,1,filtered_positive,0.29663991133583817
main_fit,好消息,好消息,1,filtered_positive,0.31118370158604225
main_fit,好消息,好消消息,1,filtered_positive,0.29511975830621845
main_fit,好消息,好消系,1,filtered_positive,0.28057533865568113
main_fit,好消息,好消西,1,filtered_positive,0.18330121535955027
main_fit,好消息,豪消息,1,filtered_positive,0.49526442129552206
main_fit,女人节,女 人 节,1,filtered_positive,0.3022678673612541
main_fit,__full_normal__,包含x月x－xx号九寨沟汽车线价格、九寨沟飞机团报价,0,hard_negative_full,0.9509068893168637
main_fit,__full_normal__,联系电话：xxxxxxxxxxx小符,0,hard_negative_full,0.9492464203289643
main_fit,__full_normal__,x、步花间男万用红古“绛珠”原价xxx外景一次xxx包邮出x、步花间男万用白古“水龙吟”原价xxx外景一次xxx包邮出x、最不卖萌白绿幼年花千骨原价xxx游场一次外景一次xxx包邮出,0,hard_negative_full,0.9469864109914965
main_fit,__full_normal__,给力价格xxxxxx发售…专注精品…章,0,hard_negative_full,0.9383867064108522
main_fit,__full_normal__,会场地址：杭州之江饭店5楼千人大会堂联系人：陈小姐联系电话：18258037707,0,hard_negative_full,0.9352142515546227
main_fit,__full_normal__,报名时间为x月xx日～x月xx日,0,hard_negative_full,0.9278718101283275
main_fit,__full_normal__,??xxxx年x月xx日的新娘,0,hard_negative_full,0.9235299678155395
main_fit,__full_normal__,给大家分享“xxebxdxdxxxbxbxexexdaxcbxbexxcbxxbxxxaxx,0,hard_negative_full,0.9071942387826716
main_fit,__full_normal__,xx点xx分中文红包口令：天弘基金容易宝,0,hard_negative_full,0.9068721760190099
main_fit,__full_normal__,欢迎咨询哦/玫瑰/玫瑰/玫瑰/玫瑰,0,hard_negative_full,0.8825695282123857
main_fit,__full_normal__,x元江苏南通生猪价格今日猪价行情内三x,0,hard_negative_full,0.88233228451121
main_fit,__full_normal__,签证+保险+欧铁+机票+酒店一价全包~要去的私信或评论咨询预定,0,hard_negative_full,0.8646720157855474
main_fit,__full_normal__,盐城环氧地坪|盐城环氧地坪漆厂家|盐城固化剂渗透地坪施工|盐城无振动防滑车道地坪|射阳东台大丰环氧地坪漆价格|江苏新禾地坪科技有限公司,0,hard_negative_full,0.8428219440188174
main_fit,__full_normal__,有需要的联系电话：xxxxxxx、有需要顺捎的电话联系,0,hard_negative_full,0.8421055102619008
main_fit,__full_normal__,请加Q索取报价石狮店：石狮市石泉路199号长途汽车站戴斯大酒店旁手机：18876596925QQ,0,hard_negative_full,0.8290820028514041
main_fit,__full_normal__,凡预定xxxx元/桌送啤酒x瓶,0,hard_negative_full,0.8234982281846456
main_fit,__full_normal__,招商信用卡下卡额度x万左右,0,hard_negative_full,0.8117678448146758
main_fit,__full_normal__,就是我的业务代码xxxxxxxxxx此全部操作为免费,0,hard_negative_full,0.8105457073598663
main_fit,__full_normal__,公司招商经理：熊经理手机：18680344611QQ：2801437890广贵的交易总,0,hard_negative_full,0.8102457937979248
main_fit,__full_normal__,分享图片昆山大地美术教育联系电话xxxxxxxxxxx,0,hard_negative_full,0.8014969621917418
main_fit,__full_normal__,批发/零售/招代理/咨询私聊,0,hard_negative_full,0.7954994732522271
main_fit,__full_normal__,xxxx年荆门市京山县人民医院招聘xx名护理人员公告,0,hard_negative_full,0.7903831741754368
main_fit,__full_normal__,联系电话：13950000091,0,hard_negative_full,0.7779002871873829
main_fit,__full_normal__,招聘有工地经验阿姨招聘有工地经验阿姨招聘有工地经验阿姨招聘有工地经验阿姨招聘有工地经验阿姨招聘有工地经验阿姨,0,hard_negative_full,0.7745323093421884
main_fit,__full_normal__,xxxxxxxxx好友也是可以的,0,hard_negative_full,0.7728037910392989
main_fit,__full_normal__,编写短信考生准考证号发送到xxxxxxxxxxxx,0,hard_negative_full,0.7578036815442915
main_fit,__full_normal__,xxxx平整体家居馆试营业抢红包、xx重大礼送液晶电视抽空调冰箱洗衣机大奖,0,hard_negative_full,0.750517231823126
main_fit,__full_normal__,千汇装饰告诉您找装修公司的优点,0,hard_negative_full,0.745110517776308
main_fit,__full_normal__,赚几十到100多活动地址：,0,hard_negative_full,0.7409046218495622
main_fit,__full_normal__,免费获得xxx元宝贝杂志册的朋友须在x月x号～x月xx号,0,hard_negative_full,0.7407479836226103
main_fit,__full_normal__,启东二手房出售信息第63期,0,hard_negative_full,0.7353376353042009
main_fit,__full_normal__,有需要的亲扫二维码?V信咨询哈,0,hard_negative_full,0.7291425491779512
main_fit,__full_normal__,新号码18501409915望惠存,0,hard_negative_full,0.7272601438663165
main_fit,__full_normal__,以下是客户公司简介：南京华巨泰电力科技有限公司,0,hard_negative_full,0.7270876680500279
main_fit,__full_normal__,有求职意向请联系13301552588毕先生,0,hard_negative_full,0.7267286735279682
main_fit,__full_normal__,开设课程：文理科数学、英语、物理、化学、生物、地理中高考承诺班、名师x对x、同步班、精英班、艺术生班等课程详情请咨询十一大校区：xxxxxxxx,0,hard_negative_full,0.7263178664886204
main_fit,__full_normal__,深圳市喜莱德曼商贸有限公司~,0,hard_negative_full,0.7257359590663756
main_fit,__full_normal__,如有需求请及时咨询QQ群：xxxxxxxx验证：投有所道或i,0,hard_negative_full,0.7230050332979094
main_fit,__full_normal__,第二天直接提现15元活动步骤：一、扫描下方二维码下载或是手机下载沃百富app,0,hard_negative_full,0.7210631649461342
main_fit,__full_normal__,有需要了解详细情况的可以随时联系联系人：郑老师联系电话：13001057642,0,hard_negative_full,0.7206938482411733
main_fit,__full_normal__,联系方式：15903812498,0,hard_negative_full,0.7199258824428969
main_fit,__full_normal__,我们的假期~就一个字：爽爽爽爽爽爽爽爽爽爽爽爽爽爽爽爽爽爽爽爽爽爽爽爽爽爽爽爽爽,0,hard_negative_full,0.7180680141674063
main_fit,__full_normal__,目前国内拥有x家xS店以上的经销商集团已经有xxx余家,0,hard_negative_full,0.7128332337297693
main_fit,__full_normal__,就使用我的邀请码xxxxxh下载并登录浙江移动手机营业厅,0,hard_negative_full,0.701886258995283
main_fit,__full_normal__,Ax、Ax栋为xxxx年x月交楼,0,hard_negative_full,0.6985138914860728
main_fit,__full_normal__,分享给大家：新北区三井朵朵服装店,0,hard_negative_full,0.6984462937901367
main_fit,__full_normal__,xx月xx日提前通知散户在xx点xx分,0,hard_negative_full,0.6954862788904633
main_fit,__full_normal__,7月31日：农历六月十六宜事：栽种植物、官司诉讼、外出旅行、投资金融忌事：破土动工、修筑建造、迁徙转移、嫁娶结婚1、本日适宜官司诉讼,0,hard_negative_full,0.6942365936529429
main_fit,__full_normal__,免费分享浙江xx份多肉工具套餐x方套餐原文：,0,hard_negative_full,0.6910111435565739
main_fit,__full_normal__,租房询问微信号：nycleilei812地址：263western,0,hard_negative_full,0.6898721512787125
main_fit,__full_normal__,提供最新的家居装修、装饰、装修设计、家居家饰、装修建材导购、家居饰品、家具、家居资讯、风水等内容小户,0,hard_negative_full,0.6894980836090074
main_fit,__full_normal__,xxxx初秋新款时尚欧美风蕾丝拼接牛仔马甲马夹牛仔白蕾丝牛仔黑蕾丝均码xx,0,hard_negative_full,0.6880779145603678
main_fit,__full_normal__,『咨询代理篇』你羡慕别人能赚到钱,0,hard_negative_full,0.6845442501735083
main_fit,__full_normal__,一般能力的xS店需要销售顾问xx人,0,hard_negative_full,0.6839110722521439
main_fit,__full_normal__,欢迎银行、信托候选人联系：sandy,0,hard_negative_full,0.6821479545267952
main_fit,__full_normal__,超市发清河店报名方式：编辑姓名+年龄+店面发至15210262239,0,hard_negative_full,0.672235009072833
main_fit,__full_normal__,请及时联系客服热线4009221111,0,hard_negative_full,0.6705138841439413
main_fit,__full_normal__,日本韩国代购想要什么告诉我就OK化妆品啦药品啦都可以除了充气娃娃和苍老师其他的想要什么告诉我都帮你搞定,0,hard_negative_full,0.667106270129945
main_fit,__full_normal__,服务专员代码：1240518991,0,hard_negative_full,0.6665250676083168
main_fit,__full_normal__,x、xx周日、泰兴宏盛大酒店婚礼秀,0,hard_negative_full,0.6613844924571133
main_fit,__full_normal__,免费分享浙江xx份种子套餐原文：,0,hard_negative_full,0.655431527648329
main_fit,__full_normal__,贺天举x投x中得到x分x篮板x盖帽,0,hard_negative_full,0.6499669772422678
main_fit,__full_normal__,南通金地国际的销售价格更新为均价：xxxxx元/平方米、本项目位于崇川区青年东路南太平路东,0,hard_negative_full,0.6471119664000113
main_fit,__full_normal__,货号：SXGN0837406383,0,hard_negative_full,0.6443516634229309
main_fit,__full_normal__,某东方神棍在x月xx日被网友举报封号后又开小号出来了,0,hard_negative_full,0.6265712933334531
main_fit,__full_normal__,x月xx日工信部发布xxxx年工业转型升级重点项目指南,0,hard_negative_full,0.6245859905201901
main_fit,__full_normal__,三、目前用xxxx年的分红模拟xxxx年报分红,0,hard_negative_full,0.6233880687864992
main_fit,__full_normal__,xx年x月留考理科总分：xxx+xx,0,hard_negative_full,0.6192849208318697
main_fit,__full_normal__,江苏连云港生猪价格今日猪价行?,0,hard_negative_full,0.6138342164104076
main_fit,__full_normal__,三周价格375地址：saundersnessrd邮编：E143EA,0,hard_negative_full,0.6076784944773628
main_fit,__full_normal__,房宝宝购房商城苏州x月xx日成交,0,hard_negative_full,0.6072044462572384
main_fit,__full_normal__,免税产品全场x折赠华东游独家呈现尊?,0,hard_negative_full,0.6031924431162149
main_fit,__full_normal__,扫描后你推荐你朋友扫描下载你和你朋友各得到20元现金,0,hard_negative_full,0.5988141299628493
main_fit,__full_normal__,瘦脸针原价xxxx现在特价xxxx,0,hard_negative_full,0.5892727845086371
main_fit,__full_normal__,丹阳期货开户网上开户丹阳股指期货网上开户,0,hard_negative_full,0.5884321990044357
main_fit,__full_normal__,如何在x年花好这xxx亿非常关键,0,hard_negative_full,0.5883175898076485
main_fit,__full_normal__,地址：苏州金枫南路1号华润超市卖场内,0,hard_negative_full,0.582701541690668
main_fit,__full_normal__,来植梦网吧~这里将为你提供各种兼职供你选择,0,hard_negative_full,0.5798576290663379
main_fit,__full_normal__,我正在看楼主庆应别科读了一年现在庆应大学院录取了,0,hard_negative_full,0.5789129658297602
main_fit,__full_normal__,中国红十字会总会于xxxx年x月x日电告红十字会协会,0,hard_negative_full,0.5770038108019102
main_fit,__full_normal__,转正xxxx+全勤+任务提成+双休+五险,0,hard_negative_full,0.5726358001426474
main_fit,__full_normal__,活动时间：8月1日—8月3日TEI：1346562228215065777755,0,hard_negative_full,0.5674417808939829
main_fit,__full_normal__,答：我证券公司支持手机开户、网上自助开户、柜台开户,0,hard_negative_full,0.5660753672068228
main_fit,__full_normal__,??????????????????????????~^0^*'LawoftheJungle'specialepisode&lt,0,hard_negative_full,0.565824415697726
main_fit,__full_normal__,xxxx常州市武进区遥观镇公开招聘x名协管员简章,0,hard_negative_full,0.5643293189298969
main_fit,__full_normal__,新的装修名额及深度清洁活动,0,hard_negative_full,0.5605825075701086
main_fit,__full_normal__,张家港凯旋健身办卡专线15895673845,0,hard_negative_full,0.5575333633841628
main_fit,__full_normal__,钻石卡充值1000尊享20元/张泰安店大众点评半价减20银行卡活动：刷泰安商行岱宗卡3600积分换2D影票1张,0,hard_negative_full,0.5563389827450047
main_fit,__full_normal__,适用于个人名下房产已在银行抵押,0,hard_negative_full,0.5548475038274217
main_fit,__full_normal__,WX扫码抢好声音红包,0,hard_negative_full,0.5501928104768088
main_fit,__full_normal__,今天x月xx日农历六月十一星期日,0,hard_negative_full,0.550024833774267
main_fit,__full_normal__,最新qq理财通红包老用户1,0,hard_negative_full,0.5499697818088879
main_fit,__full_normal__,x月xx日太仓沙溪人才市场现场招聘会,0,hard_negative_full,0.5499537301979662
main_fit,__full_normal__,有Armani、Givenchy、Gucci、Valentino、Ferragamo、HugoBoss、MCM等品牌…AlexanderMcQueen、SergioRossi均为独家售卖,0,hard_negative_full,0.5486885607362005
main_fit,__full_normal__,第一篇：家庭装修预算造价指南一．如何做好家装预算房屋装修是居家生活中的大事,0,hard_negative_full,0.5455364372745504
main_fit,__full_normal__,半年内xx元目标价：xxxxxx金自天正投资价值机遇来啦,0,hard_negative_full,0.5448487892728798
main_fit,__full_normal__,第二天大早就接了4个电话：韭菜哪个地方买的,0,hard_negative_full,0.5427709420853513
main_fit,__full_normal__,～☆＞＜☆～浙江震元双环科技大冶特钢河北钢铁天兴仪表天伦置业,0,hard_negative_full,0.5417440452494962
main_fit,__full_normal__,我们江苏大学爱暖西吉的五星级销售员,0,hard_negative_full,0.5387534055934763
main_fit,__full_normal__,女人顾问做女人最好的贴身顾问,0,hard_negative_full,0.5382005194610476
main_train,优惠,优会,1,filtered_positive,0.6718272296521198
main_train,优惠,优回,1,filtered_positive,0.43304339008540016
main_train,优惠,游惠,1,filtered_positive,0.5913748028553832
main_train,您好,您 好,1,filtered_positive,0.15233824691266157
main_train,您好,您号,1,filtered_positive,0.29382621054203456
main_train,您好,您好,1,filtered_positive,0.15233824691266157
main_train,您好,您好好,1,filtered_positive,0.2887079955581771
main_train,您好,您您好,1,filtered_positive,0.2263099874008226
main_train,您好,您豪,1,filtered_positive,0.4056189345774597
main_train,x折,x 折,1,filtered_positive,0.7117535059093638
main_train,x折,x折,1,filtered_positive,0.7117536541040582
main_train,x折,x折折,1,filtered_positive,0.6828199158355776
main_train,x折,x着,1,filtered_positive,0.23312638919957152
main_train,x折,x这,1,filtered_positive,0.07550365259265776
main_train,尊敬,尊 敬,1,filtered_positive,0.12091436027845459
main_train,尊敬,尊京,1,filtered_positive,0.07179994540501594
main_train,尊敬,尊尊敬,1,filtered_positive,0.11840833243707259
main_train,尊敬,尊敬,1,filtered_positive,0.12091436027845459
main_train,尊敬,尊敬敬,1,filtered_positive,0.18602498321095035
main_train,尊敬,尊经,1,filtered_positive,0.107448842230207
main_train,尊敬,樽敬,1,filtered_positive,0.3157801796890186
main_train,尊敬,遵敬,1,filtered_positive,0.17496645325262947
main_train,尊敬的,尊 敬 的,1,filtered_positive,0.12297282936419969
main_train,尊敬的,尊 敬的,1,filtered_positive,0.12297282936419969
main_train,尊敬的,尊-敬的,1,filtered_positive,0.322931412100421
main_train,尊敬的,尊京的,1,filtered_positive,0.13763076864398796
main_train,尊敬的,尊尊敬的,1,filtered_positive,0.11488237599176894
main_train,尊敬的,尊敬 的,1,filtered_positive,0.12297317581895947
main_train,尊敬的,尊敬-的,1,filtered_positive,0.19459906011089675
main_train,尊敬的,尊敬得,1,filtered_positive,0.09988685211430848
main_train,尊敬的,尊敬德,1,filtered_positive,0.12346743104587704
main_train,尊敬的,尊敬敬的,1,filtered_positive,0.16143449025561288
main_train,尊敬的,尊敬的,1,filtered_positive,0.12297317581895947
main_train,尊敬的,尊经的,1,filtered_positive,0.18196746528740915
main_train,尊敬的,樽敬的,1,filtered_positive,0.3317785363425953
main_train,尊敬的,遵敬的,1,filtered_positive,0.1826280972716734
main_train,敬的,敬 的,1,filtered_positive,0.22840956779442978
main_train,敬的,敬得,1,filtered_positive,0.1827228602752619
main_train,敬的,敬德,1,filtered_positive,0.1360788092186355
main_train,敬的,敬敬的,1,filtered_positive,0.19980342770907297
main_train,敬的,敬的,1,filtered_positive,0.22840956779442978
main_train,敬的,敬的的,1,filtered_positive,0.1436636552977563
main_train,敬的,经的,1,filtered_positive,0.08626074659084475
main_train,新老,信老,1,filtered_positive,0.12429016664778172
main_train,新老,心老,1,filtered_positive,0.05826895380135847
main_train,新老,新 老,1,filtered_positive,0.11391192165619066
main_train,新老,新劳,1,filtered_positive,0.15099931835439448
main_train,新老,新新老,1,filtered_positive,0.16139059310890017
main_train,新老,新牢,1,filtered_positive,0.12992662647459025
main_train,新老,新老,1,filtered_positive,0.11391192165619066
main_train,新老,新老老,1,filtered_positive,0.08745093439165418
main_train,三八,三把,1,filtered_positive,0.1372435460082589
main_train,"好,我是","号,我是",1,filtered_positive,0.5181687679648622
main_train,"好,我是","好 , 我 是",1,filtered_positive,0.6824402424295126
main_train,"好,我是","好 ,我是",1,filtered_positive,0.6824402424295126
main_train,"好,我是","好,卧是",1,filtered_positive,0.4038828294616817
main_train,"好,我是","好,我 是",1,filtered_positive,0.6824402424295126
main_train,"好,我是","好,我市",1,filtered_positive,0.44710632556540475
main_train,"好,我是","好,我时",1,filtered_positive,0.5067572784693862
main_train,"好,我是","好,我是",1,filtered_positive,0.6824402424295126
main_train,"好,我是","好好,我是",1,filtered_positive,0.726111593279783
main_train,"好,我是","豪,我是",1,filtered_positive,0.6759359425372157
main_train,女节,女 节,1,filtered_positive,0.28462637822533865
main_train,女节,女女节,1,filtered_positive,0.2552284763139448
main_train,女节,女接,1,filtered_positive,0.23368632985942658
main_train,女节,女结,1,filtered_positive,0.13457432963838137
main_train,女节,女节,1,filtered_positive,0.2846262026923232
main_train,女节,女节节,1,filtered_positive,0.44070571430715166
main_train,妇女节,妇 女 节,1,filtered_positive,0.31747973280052116
main_train,妇女节,妇 女节,1,filtered_positive,0.31747973280052116
main_train,妇女节,妇-女节,1,filtered_positive,0.5310352248848471
main_train,妇女节,妇女 节,1,filtered_positive,0.31747973280052116
main_train,妇女节,妇女-节,1,filtered_positive,0.5797414693403825
main_train,妇女节,妇女女节,1,filtered_positive,0.34904105335347646
main_train,妇女节,妇女接,1,filtered_positive,0.18168941772552782
main_train,妇女节,妇女结,1,filtered_positive,0.15936653507367216
main_train,妇女节,妇女节,1,filtered_positive,0.31747995024819176
main_train,妇女节,妇妇女节,1,filtered_positive,0.39445157691972427
main_train,妇女节,府女节,1,filtered_positive,0.21310584459249685
main_train,妇女节,服女节,1,filtered_positive,0.12931695877938867
main_train,送xx,讼xx,1,filtered_positive,0.5639116144566114
main_train,满x,满 x,1,filtered_positive,0.3339549413460876
main_train,满x,满x,1,filtered_positive,0.3339549413460876
main_train,满x,满xx,1,filtered_positive,0.6808726295947817
main_train,满x,满满x,1,filtered_positive,0.22007781686248448
main_train,满x,漫x,1,filtered_positive,0.0604469244700805
main_train,好消,号消,1,filtered_positive,0.20074309525637204
main_train,好消,好 消,1,filtered_positive,0.1467760784029993
main_train,好消,好好消,1,filtered_positive,0.15643585217137285
main_train,好消,好小,1,filtered_positive,0.23244857835631963
main_train,好消,好消,1,filtered_positive,0.1467760784029993
main_train,好消,好消消,1,filtered_positive,0.20402569103929907
main_train,好消,豪消,1,filtered_positive,0.26599700524777764
main_train,好消息,号消息,1,filtered_positive,0.4129794158184894
main_train,好消息,好 消 息,1,filtered_positive,0.369073316306696
main_train,好消息,好 消息,1,filtered_positive,0.369073316306696
main_train,好消息,好-消息,1,filtered_positive,0.5253235921701439
main_train,好消息,好好消息,1,filtered_positive,0.34945882776750375
main_train,好消息,好小息,1,filtered_positive,0.32461529605855083
main_train,好消息,好消 息,1,filtered_positive,0.369073316306696
main_train,好消息,好消-息,1,filtered_positive,0.3759738943835977
main_train,好消息,好消息,1,filtered_positive,0.36907365269269743
main_train,好消息,好消消息,1,filtered_positive,0.35118285665371235
main_train,好消息,好消系,1,filtered_positive,0.3564295261280767
main_train,好消息,好消西,1,filtered_positive,0.25642022075167253
main_train,好消息,豪消息,1,filtered_positive,0.43262481782311535
main_train,八节,八 节,1,filtered_positive,0.09876585587671707
main_train,八节,八八节,1,filtered_positive,0.05763921183965449
main_train,八节,八接,1,filtered_positive,0.06185914070045988
main_train,八节,八结,1,filtered_positive,0.06803433652327048
main_train,八节,八节,1,filtered_positive,0.09876585587671707
main_train,八节,八节节,1,filtered_positive,0.16180102696648344
main_train,八节,吧节,1,filtered_positive,0.1385909428014834
main_train,八节,把节,1,filtered_positive,0.40926866048152866
main_train,女人节,女 人 节,1,filtered_positive,0.3430471922842905
main_train,女人节,女 人节,1,filtered_positive,0.3430471922842905
main_train,女人节,女-人节,1,filtered_positive,0.5383094546985632
main_train,女人节,女人 节,1,filtered_positive,0.3430471922842905
main_train,女人节,女人-节,1,filtered_positive,0.5649337345843931
main_train,女人节,女人人节,1,filtered_positive,0.41787463977360406
main_train,女人节,女人接,1,filtered_positive,0.21358605690717752
main_train,女人节,女人结,1,filtered_positive,0.19690645199333856
main_train,女人节,女人节,1,filtered_positive,0.3430473835587987
main_train,女人节,女任节,1,filtered_positive,0.3313688109828834
main_train,女人节,女女人节,1,filtered_positive,0.3875819824320597
main_train,女人节,女认节,1,filtered_positive,0.12625753543862311
main_train,满xx,慢xx,1,filtered_positive,0.06836023050240707
main_train,满xx,满 x x,1,filtered_positive,0.43071242983173536
main_train,满xx,满 xx,1,filtered_positive,0.6808726726801266
main_train,满xx,满x x,1,filtered_positive,0.43071242983173536
main_train,满xx,满x-x,1,filtered_positive,0.49816588863570294
main_train,满xx,满xxx,1,filtered_positive,0.6837901299817046
main_train,满xx,满满xx,1,filtered_positive,0.48581427509431807
main_train,满xx,漫xx,1,filtered_positive,0.20701872734932264
main_train,致电,致 电,1,filtered_positive,0.11098429604056527
main_train,致电,致店,1,filtered_positive,0.45314411426237544
main_train,致电,致点,1,filtered_positive,0.19318584831811395
main_train,致电,致电,1,filtered_positive,0.11098429604056527
main_train,致电,致电电,1,filtered_positive,0.054571702719845114
main_train,致电,致致电,1,filtered_positive,0.11325238566450123
main_train,谢您,些您,1,filtered_positive,0.10993842157369482
main_train,谢您,协您,1,filtered_positive,0.14018225260956782
main_train,谢您,谢 您,1,filtered_positive,0.32311984104501007
main_train,谢您,谢您,1,filtered_positive,0.32311984104501007
main_train,谢您,谢您您,1,filtered_positive,0.3603095822952666
main_train,谢您,谢谢您,1,filtered_positive,0.3232876450024408
main_train,元宵,元元宵,1,filtered_positive,0.09964571981275161
main_train,元宵,元小,1,filtered_positive,0.32051664904209365
main_train,元宵,元消,1,filtered_positive,0.2954882949796796
main_train,满xxx,慢xxx,1,filtered_positive,0.0722143527804614
main_train,满xxx,满 x x x,1,filtered_positive,0.5208712494190563
main_train,满xxx,满 xxx,1,filtered_positive,0.6837901299817046
main_train,满xxx,满xx x,1,filtered_positive,0.6343974551795164
main_train,满xxx,满xx-x,1,filtered_positive,0.733620912729452
main_train,满xxx,满xxxx,1,filtered_positive,0.5787248182262588
main_train,满xxx,满满xxx,1,filtered_positive,0.47237335062020297
main_train,满xxx,漫xxx,1,filtered_positive,0.17036482101062567
main_train,三八节,三 八 节,1,filtered_positive,0.1443105997766516
main_train,三八节,三 八节,1,filtered_positive,0.1443105997766516
main_train,三八节,三-八节,1,filtered_positive,0.38365856177004015
main_train,三八节,三三八节,1,filtered_positive,0.22291518949002564
main_train,三八节,三八 节,1,filtered_positive,0.1443105997766516
main_train,三八节,三八-节,1,filtered_positive,0.33884028825478774
main_train,三八节,三八八节,1,filtered_positive,0.1241925821744514
main_train,__full_normal__,会场地址：杭州之江饭店5楼千人大会堂联系人：陈小姐联系电话：18258037707,0,hard_negative_full,0.9503387166636315
main_train,__full_normal__,x、步花间男万用红古“绛珠”原价xxx外景一次xxx包邮出x、步花间男万用白古“水龙吟”原价xxx外景一次xxx包邮出x、最不卖萌白绿幼年花千骨原价xxx游场一次外景一次xxx包邮出,0,hard_negative_full,0.9486479806037287
main_train,__full_normal__,联系电话：xxxxxxxxxxx小符,0,hard_negative_full,0.9427410117811776
main_train,__full_normal__,请中奖的小伙伴在xxxx/x/xx日xx,0,hard_negative_full,0.9405920672568081
main_train,__full_normal__,给力价格xxxxxx发售…专注精品…章,0,hard_negative_full,0.9375727762132824
main_train,__full_normal__,包含x月x－xx号九寨沟汽车线价格、九寨沟飞机团报价,0,hard_negative_full,0.9354707687575741
main_train,__full_normal__,报名时间为x月xx日～x月xx日,0,hard_negative_full,0.9113822896336444
main_train,__full_normal__,xx点xx分中文红包口令：天弘基金容易宝,0,hard_negative_full,0.9038224288463645
main_train,__full_normal__,??xxxx年x月xx日的新娘,0,hard_negative_full,0.8955995120306921
main_train,__full_normal__,给大家分享“xxebxdxdxxxbxbxexexdaxcbxbexxcbxxbxxxaxx,0,hard_negative_full,0.8846843606708349
main_train,__full_normal__,x元江苏南通生猪价格今日猪价行情内三x,0,hard_negative_full,0.8777960941867433
main_train,__full_normal__,欢迎咨询哦/玫瑰/玫瑰/玫瑰/玫瑰,0,hard_negative_full,0.8764386250368903
main_train,__full_normal__,财富热线：18332095527贺,0,hard_negative_full,0.8748840619193627
main_train,__full_normal__,验证：朝阳xxx个人★指导：x/x/x/x/x/x/x/x/x电话咨询：x/x/x/x/x/x/x/x/x/x/x一、风险控制是第一位的,0,hard_negative_full,0.8734604511339047
main_train,__full_normal__,签证+保险+欧铁+机票+酒店一价全包~要去的私信或评论咨询预定,0,hard_negative_full,0.8733735568734905
main_train,__full_normal__,有需要的联系电话：xxxxxxx、有需要顺捎的电话联系,0,hard_negative_full,0.867948782007489
main_train,__full_normal__,现对外招商：家具、家电、家装装饰、地板、卫浴、瓷砖等家装品牌参展商,0,hard_negative_full,0.8522794866958611
main_train,__full_normal__,招商信用卡下卡额度x万左右,0,hard_negative_full,0.8346444633680526
main_train,__full_normal__,凡预定xxxx元/桌送啤酒x瓶,0,hard_negative_full,0.8216083963807198
main_train,__full_normal__,盐城环氧地坪|盐城环氧地坪漆厂家|盐城固化剂渗透地坪施工|盐城无振动防滑车道地坪|射阳东台大丰环氧地坪漆价格|江苏新禾地坪科技有限公司,0,hard_negative_full,0.8159836188306517
main_train,__full_normal__,新惠普护眼贴代理销售,0,hard_negative_full,0.8077972203696105
main_train,__full_normal__,xx至晚x点面试地址：西大望路甲一号飘Home酒店xxxx房间,0,hard_negative_full,0.807642235880461
main_train,__full_normal__,深圳市喜莱德曼商贸有限公司~,0,hard_negative_full,0.7930860952197184
main_train,__full_normal__,公司招商经理：熊经理手机：18680344611QQ：2801437890广贵的交易总,0,hard_negative_full,0.7928624158324777
main_train,__full_normal__,招聘有工地经验阿姨招聘有工地经验阿姨招聘有工地经验阿姨招聘有工地经验阿姨招聘有工地经验阿姨招聘有工地经验阿姨,0,hard_negative_full,0.7809792890616372
main_train,__full_normal__,批发/零售/招代理/咨询私聊,0,hard_negative_full,0.7796798689912053
main_train,__full_normal__,请加Q索取报价石狮店：石狮市石泉路199号长途汽车站戴斯大酒店旁手机：18876596925QQ,0,hard_negative_full,0.7787630231998871
main_train,__full_normal__,联系电话：13950000091,0,hard_negative_full,0.7761064664520203
main_train,__full_normal__,启东二手房出售信息第63期,0,hard_negative_full,0.7695417687222684
main_train,__full_normal__,就是我的业务代码xxxxxxxxxx此全部操作为免费,0,hard_negative_full,0.7631346913811535
main_train,__full_normal__,佳亿生活速递让生活变得更便捷|商业信息|联系电话,0,hard_negative_full,0.7628521417243826
main_train,__full_normal__,分享图片昆山大地美术教育联系电话xxxxxxxxxxx,0,hard_negative_full,0.7609382919468215
main_train,__full_normal__,联系方式：15903812498,0,hard_negative_full,0.7519595197765634
main_train,__full_normal__,千汇装饰告诉您找装修公司的优点,0,hard_negative_full,0.7406484371437916
main_train,__full_normal__,免费分享浙江xx份多肉工具套餐x方套餐原文：,0,hard_negative_full,0.7406234703213159
main_train,__full_normal__,赚几十到100多活动地址：,0,hard_negative_full,0.7365164894329256
main_train,__full_normal__,7月31日：农历六月十六宜事：栽种植物、官司诉讼、外出旅行、投资金融忌事：破土动工、修筑建造、迁徙转移、嫁娶结婚1、本日适宜官司诉讼,0,hard_negative_full,0.7351242982356828
main_train,__full_normal__,目前国内拥有x家xS店以上的经销商集团已经有xxx余家,0,hard_negative_full,0.7322541233862458
main_train,__full_normal__,xxxxxxxxx好友也是可以的,0,hard_negative_full,0.731248215531693
main_train,__full_normal__,xxxx平整体家居馆试营业抢红包、xx重大礼送液晶电视抽空调冰箱洗衣机大奖,0,hard_negative_full,0.7256450091051161
main_train,__full_normal__,免费获得xxx元宝贝杂志册的朋友须在x月x号～x月xx号,0,hard_negative_full,0.7229106408669375
main_train,__full_normal__,欢迎银行、信托候选人联系：sandy,0,hard_negative_full,0.7210169148686862
main_train,__full_normal__,如有需求请及时咨询QQ群：xxxxxxxx验证：投有所道或i,0,hard_negative_full,0.7200823902511778
main_train,__full_normal__,有求职意向请联系13301552588毕先生,0,hard_negative_full,0.719352670383492
main_train,__full_normal__,分享给大家：新北区三井朵朵服装店,0,hard_negative_full,0.7147749286305125
main_train,__full_normal__,我们的假期~就一个字：爽爽爽爽爽爽爽爽爽爽爽爽爽爽爽爽爽爽爽爽爽爽爽爽爽爽爽爽爽,0,hard_negative_full,0.7115377154266221
main_train,__full_normal__,买对不买贵南京x月xx日收盘成交xxxxxx万元,0,hard_negative_full,0.7111061471429458
main_train,__full_normal__,以下是客户公司简介：南京华巨泰电力科技有限公司,0,hard_negative_full,0.7075448244801831
main_train,__full_normal__,有需要的亲扫二维码?V信咨询哈,0,hard_negative_full,0.7066074168342814
main_train,__full_normal__,第二天直接提现15元活动步骤：一、扫描下方二维码下载或是手机下载沃百富app,0,hard_negative_full,0.7025004294020896
main_train,__full_normal__,新号码18501409915望惠存,0,hard_negative_full,0.7011775480787086
main_train,__full_normal__,就使用我的邀请码xxxxxh下载并登录浙江移动手机营业厅,0,hard_negative_full,0.7010273628149424
main_train,__full_normal__,xxxx年荆门市京山县人民医院招聘xx名护理人员公告,0,hard_negative_full,0.6992628833020097
main_train,__full_normal__,我的卡小二邀请码是“xxxxxxx”,0,hard_negative_full,0.6980586791900881
main_train,__full_normal__,开设课程：文理科数学、英语、物理、化学、生物、地理中高考承诺班、名师x对x、同步班、精英班、艺术生班等课程详情请咨询十一大校区：xxxxxxxx,0,hard_negative_full,0.6821314632053856
main_train,__full_normal__,一般能力的xS店需要销售顾问xx人,0,hard_negative_full,0.6817064020005851
main_train,__full_normal__,免税产品全场x折赠华东游独家呈现尊?,0,hard_negative_full,0.6770684228689169
main_train,__full_normal__,晒单拿积分会员编号：bcefg订单编号A2015061101033837转运日期6,0,hard_negative_full,0.6767700355597944
main_train,__full_normal__,编写短信考生准考证号发送到xxxxxxxxxxxx,0,hard_negative_full,0.6753529081979046
main_train,__full_normal__,x、xx周日、泰兴宏盛大酒店婚礼秀,0,hard_negative_full,0.6735802777084963
main_train,__full_normal__,xxxx年x月x日腾讯好莱坞vip账号共享,0,hard_negative_full,0.6732059497542707
main_train,__full_normal__,加二维码?v信咨询诚招代理支持一件代发,0,hard_negative_full,0.6619895050585022
main_train,__full_normal__,招聘今天西安路派单人员缺俩女孩家乐福x点xx'xxx站点集合,0,hard_negative_full,0.6603522273209669
main_train,__full_normal__,免费分享浙江xx份种子套餐原文：,0,hard_negative_full,0.6579213108333617
main_train,__full_normal__,O2O外卖网站名字：小叶子外卖、壹外卖、飞猫送餐、筷乐777、蹭饭网、订餐通、阿姨厨房、饭是钢,0,hard_negative_full,0.6554848304424287
main_train,__full_normal__,租房询问微信号：nycleilei812地址：263western,0,hard_negative_full,0.6554053005686494
main_train,__full_normal__,贺天举x投x中得到x分x篮板x盖帽,0,hard_negative_full,0.6546138792209796
main_train,__full_normal__,万科嘉园光谷的光的销售价格更新为均价：9300元/平方米、本项目位于光谷一路光谷八小旁,0,hard_negative_full,0.654477263389702
main_train,__full_normal__,需要学车的朋友欢迎咨询报名哦,0,hard_negative_full,0.6513342641960028
main_train,__full_normal__,有需要了解详细情况的可以随时联系联系人：郑老师联系电话：13001057642,0,hard_negative_full,0.6474645921454908
main_train,__full_normal__,三周价格375地址：saundersnessrd邮编：E143EA,0,hard_negative_full,0.6453526456398243
main_train,__full_normal__,提供最新的家居装修、装饰、装修设计、家居家饰、装修建材导购、家居饰品、家具、家居资讯、风水等内容小户,0,hard_negative_full,0.6344807191229281
main_train,__full_normal__,张家港凯旋健身办卡专线15895673845,0,hard_negative_full,0.6339673609684412
main_train,__full_normal__,『咨询代理篇』你羡慕别人能赚到钱,0,hard_negative_full,0.6333333505869577
main_train,__full_normal__,超市发清河店报名方式：编辑姓名+年龄+店面发至15210262239,0,hard_negative_full,0.6327240499421676
main_train,__full_normal__,Ax、Ax栋为xxxx年x月交楼,0,hard_negative_full,0.632603678386258
main_train,__full_normal__,长春工程学院专科应用英语水利水电建筑工程水电站动力设备及设施证书是学信网可查的正规学历国家承认的网上可查的远大国际教育张老师15886270513,0,hard_negative_full,0.6303892320838552
main_train,__full_normal__,笔试时间xxxx年x月xx日上午,0,hard_negative_full,0.6282288669497172
main_train,__full_normal__,让你防伪码查询是假货乱价销售直接微信扫一扫就知道哪个代理的货,0,hard_negative_full,0.6268188454077972
main_train,__full_normal__,请及时联系客服热线4009221111,0,hard_negative_full,0.6250992987063337
main_train,__full_normal__,求租江东x塔寺或鄞州万达附近x室一厅的房子有的请联系,0,hard_negative_full,0.6194950358006678
main_train,__full_normal__,服务专员代码：1240518991,0,hard_negative_full,0.6180935907760476
main_train,__full_normal__,xxxxxxxxxx时集团的,0,hard_negative_full,0.6069241342420516
main_train,__full_normal__,xx月xx日提前通知散户在xx点xx分,0,hard_negative_full,0.6061648252894064
main_train,__full_normal__,欧美大牌原单镂空毛线套衫、颜色都很衬肤色哦、3色、货不多、要的赶紧报单哦、55,0,hard_negative_full,0.6019590106260736
main_train,__full_normal__,南通金地国际的销售价格更新为均价：xxxxx元/平方米、本项目位于崇川区青年东路南太平路东,0,hard_negative_full,0.6013491903207776
main_train,__full_normal__,x月xx日太仓沙溪人才市场现场招聘会,0,hard_negative_full,0.5999334008966981
main_train,__full_normal__,江苏连云港生猪价格今日猪价行?,0,hard_negative_full,0.5925228275527626
main_train,__full_normal__,5日店里韩状国内现货满150减10满300减20满百包首重周边也惊喜多多～欢迎来咨询,0,hard_negative_full,0.5902675405508458
main_train,__full_normal__,请务必戳卖家第一句先问一下能不能开这种叶子,0,hard_negative_full,0.5894849561640695
main_train,__full_normal__,如何在x年花好这xxx亿非常关键,0,hard_negative_full,0.5894173364899714
main_train,__full_normal__,xxxx初秋新款时尚欧美风蕾丝拼接牛仔马甲马夹牛仔白蕾丝牛仔黑蕾丝均码xx,0,hard_negative_full,0.5883146125125016
main_train,__full_normal__,正宗靖善味阁靖江猪肉脯肉干200gx3袋,0,hard_negative_full,0.5877505999655706
main_train,__full_normal__,??????????????????????????~^0^*'LawoftheJungle'specialepisode&lt,0,hard_negative_full,0.5845298038511334
main_train,__full_normal__,答：我证券公司支持手机开户、网上自助开户、柜台开户,0,hard_negative_full,0.5839197721835673
main_train,__full_normal__,货号：SXGN0837406383,0,hard_negative_full,0.5826261501542119
main_train,__full_normal__,xxxx考研报名前必知新政xxxx的考研,0,hard_negative_full,0.5822083576113444
main_train,__full_normal__,房宝宝购房商城苏州x月xx日成交,0,hard_negative_full,0.5772250693963438
main_train,__full_normal__,地址：苏州金枫南路1号华润超市卖场内,0,hard_negative_full,0.5750984202680977
main_train,__full_normal__,来植梦网吧~这里将为你提供各种兼职供你选择,0,hard_negative_full,0.5736947060889086
multisource_fit,lace,l a c e,1,filtered_positive,0.5714982493683386
multisource_fit,lace,l ace,1,filtered_positive,0.7037305056122258
multisource_fit,lace,laace,1,filtered_positive,0.6423120179134869
multisource_fit,lace,lac e,1,filtered_positive,0.4690675121117414
multisource_fit,lace,lac-e,1,filtered_positive,0.6384078605117071
multisource_fit,lace,lace,1,filtered_positive,0.21336587525067605
multisource_fit,plac,p lac,1,filtered_positive,0.530890411454153
multisource_fit,plac,p-lac,1,filtered_positive,0.6673726993927599
multisource_fit,plac,pla c,1,filtered_positive,0.5398115172431913
multisource_fit,plac,pla-c,1,filtered_positive,0.6993406036439092
multisource_fit,plac,plac,1,filtered_positive,0.28635716853570364
multisource_fit,plac,pllac,1,filtered_positive,0.29459030680837534
multisource_fit,plac,pplac,1,filtered_positive,0.27874543022957116
multisource_fit,dig,d i g,1,filtered_positive,0.5026256852504618
multisource_fit,dig,d ig,1,filtered_positive,0.36579970298506576
multisource_fit,dig,d-ig,1,filtered_positive,0.4813857227415083
multisource_fit,dig,ddig,1,filtered_positive,0.31614952759626924
multisource_fit,dig,di g,1,filtered_positive,0.674186174463897
multisource_fit,dig,dig,1,filtered_positive,0.6273721399752016
multisource_fit,dig,diig,1,filtered_positive,0.6273408108674557
multisource_fit,digi,d i g i,1,filtered_positive,0.5086625244067817
multisource_fit,digi,d igi,1,filtered_positive,0.3655857191499964
multisource_fit,digi,d-igi,1,filtered_positive,0.49685892037512
multisource_fit,digi,ddigi,1,filtered_positive,0.291143485315566
multisource_fit,digi,diigi,1,filtered_positive,0.5355731765872995
multisource_fit,igit,i g i t,1,filtered_positive,0.599363001676297
multisource_fit,igit,i git,1,filtered_positive,0.5728920342446611
multisource_fit,igit,i-git,1,filtered_positive,0.6748830208103517
multisource_fit,igit,iggit,1,filtered_positive,0.368832760767819
multisource_fit,igit,igi t,1,filtered_positive,0.5332438964322384
multisource_fit,igit,igi-t,1,filtered_positive,0.7195777901042126
multisource_fit,igit,igit,1,filtered_positive,0.17387951534104162
multisource_fit,igit,iigit,1,filtered_positive,0.4384308634593726
multisource_fit,尊敬,尊 敬,1,filtered_positive,0.1497404898361092
multisource_fit,尊敬,尊京,1,filtered_positive,0.5723039702009949
multisource_fit,尊敬,尊尊敬,1,filtered_positive,0.28500394322285755
multisource_fit,尊敬,尊敬,1,filtered_positive,0.1497404898361092
multisource_fit,尊敬,尊敬敬,1,filtered_positive,0.3510082610617073
multisource_fit,尊敬,尊经,1,filtered_positive,0.588553569375609
multisource_fit,尊敬,樽敬,1,filtered_positive,0.7084822218059496
multisource_fit,尊敬,遵敬,1,filtered_positive,0.4372119657569825
multisource_fit,尊敬的,尊 敬 的,1,filtered_positive,0.17933881796830428
multisource_fit,尊敬的,尊 敬的,1,filtered_positive,0.17933881796830428
multisource_fit,尊敬的,尊京的,1,filtered_positive,0.6903021630120936
multisource_fit,尊敬的,尊尊敬的,1,filtered_positive,0.28450717139531845
multisource_fit,尊敬的,尊敬 的,1,filtered_positive,0.17933881796830428
multisource_fit,尊敬的,尊敬-的,1,filtered_positive,0.33786023258901526
multisource_fit,尊敬的,尊敬得,1,filtered_positive,0.1206090632993992
multisource_fit,尊敬的,尊敬德,1,filtered_positive,0.31606911773856755
multisource_fit,尊敬的,尊敬敬的,1,filtered_positive,0.30031821386849883
multisource_fit,尊敬的,尊敬的,1,filtered_positive,0.17933881796830428
multisource_fit,尊敬的,尊经的,1,filtered_positive,0.6841260613241372
multisource_fit,尊敬的,樽敬的,1,filtered_positive,0.6682962923287439
multisource_fit,尊敬的,遵敬的,1,filtered_positive,0.3844505727254606
multisource_fit,敬的,京的,1,filtered_positive,0.19746886857741178
multisource_fit,敬的,敬 的,1,filtered_positive,0.38196291370016333
multisource_fit,敬的,敬得,1,filtered_positive,0.33851995381038963
multisource_fit,敬的,敬德,1,filtered_positive,0.2829087954166829
multisource_fit,敬的,敬敬的,1,filtered_positive,0.39979391982993456
multisource_fit,敬的,敬的,1,filtered_positive,0.38196291370016333
multisource_fit,敬的,敬的的,1,filtered_positive,0.290014756348207
multisource_fit,敬的,经的,1,filtered_positive,0.10472161954640755
multisource_fit,退订,推订,1,filtered_positive,0.6450678850825307
multisource_fit,退订,退 订,1,filtered_positive,0.6768709985274401
multisource_fit,退订,退定,1,filtered_positive,0.341628850140125
multisource_fit,退订,退订,1,filtered_positive,0.6768709997044987
multisource_fit,退订,退顶,1,filtered_positive,0.3559883153168508
multisource_fit,git元,g it元,1,filtered_positive,0.5587290640614795
multisource_fit,git元,g-it元,1,filtered_positive,0.7054819514798236
multisource_fit,git元,giit元,1,filtered_positive,0.7188039039625627
multisource_fit,git元,git 元,1,filtered_positive,0.723229375617081
multisource_fit,git元,git元,1,filtered_positive,0.723229375617081
multisource_fit,git元,git员,1,filtered_positive,0.538202065724471
multisource_fit,git元,git院,1,filtered_positive,0.2712808667502689
multisource_fit,it元,it 元,1,filtered_positive,0.5541910866194539
multisource_fit,it元,it-元,1,filtered_positive,0.7340621615267972
multisource_fit,it元,itt元,1,filtered_positive,0.5988217174321299
multisource_fit,it元,it元,1,filtered_positive,0.5541910866194539
multisource_fit,it元,it员,1,filtered_positive,0.3053497744377941
multisource_fit,it元,it院,1,filtered_positive,0.1378753096402258
multisource_fit,t元,tt元,1,filtered_positive,0.7032879990497435
multisource_fit,t元,t院,1,filtered_positive,0.5407774941701837
multisource_fit,igi,i g i,1,filtered_positive,0.6130859492783359
multisource_fit,igi,i gi,1,filtered_positive,0.5942949171715748
multisource_fit,igi,i-gi,1,filtered_positive,0.7128703116748273
multisource_fit,igi,ig i,1,filtered_positive,0.48462195025782445
multisource_fit,igi,ig-i,1,filtered_positive,0.6776461587363017
multisource_fit,igi,iggi,1,filtered_positive,0.49514824801467483
multisource_fit,igi,igi,1,filtered_positive,0.2812896419824117
multisource_fit,igi,iigi,1,filtered_positive,0.5982003536956831
multisource_fit,url,u r l,1,filtered_positive,0.619433836825653
multisource_fit,url,u rl,1,filtered_positive,0.27524206576704485
multisource_fit,url,u-rl,1,filtered_positive,0.5302594064862404
multisource_fit,url,ur l,1,filtered_positive,0.6406414013367568
multisource_fit,url,url,1,filtered_positive,0.7178254729769464
multisource_fit,url,urrl,1,filtered_positive,0.14702147942012744
multisource_fit,url,uurl,1,filtered_positive,0.7346627830915459
multisource_fit,git,g i t,1,filtered_positive,0.5917707901069418
multisource_fit,git,g it,1,filtered_positive,0.12639545327482823
multisource_fit,git,g-it,1,filtered_positive,0.2770474039236641
multisource_fit,git,ggit,1,filtered_positive,0.6380197092295882
multisource_fit,git,gi t,1,filtered_positive,0.6295666576060368
multisource_fit,git,gi-t,1,filtered_positive,0.7365457233045019
multisource_fit,git,giit,1,filtered_positive,0.38374254392568824
multisource_fit,git,git,1,filtered_positive,0.32158904984237496
multisource_fit,t.me,t . m e,1,filtered_positive,0.47271786560158247
multisource_fit,t.me,t .me,1,filtered_positive,0.4678959915994958
multisource_fit,t.me,t.m e,1,filtered_positive,0.47271786560158247
multisource_fit,t.me,t.me,1,filtered_positive,0.4678959915994958
multisource_fit,t.me,tt.me,1,filtered_positive,0.39166668344524
multisource_fit,http,h t t p,1,filtered_positive,0.492142662912849
multisource_fit,http,h ttp,1,filtered_positive,0.2552033687928596
multisource_fit,http,h-ttp,1,filtered_positive,0.48263098166547014
multisource_fit,http,hhttp,1,filtered_positive,0.6842027885783324
multisource_fit,http,htt p,1,filtered_positive,0.2615357753811406
multisource_fit,http,htt-p,1,filtered_positive,0.4439956641848325
multisource_fit,http,http,1,filtered_positive,0.6031297293940255
multisource_fit,http,htttp,1,filtered_positive,0.2267951373729255
multisource_fit,lac,l a c,1,filtered_positive,0.6387754380917844
multisource_fit,lac,l ac,1,filtered_positive,0.6991655145890833
multisource_fit,lac,l-ac,1,filtered_positive,0.7430043449950126
multisource_fit,lac,la c,1,filtered_positive,0.5207851055862613
multisource_fit,lac,la-c,1,filtered_positive,0.677188179121591
multisource_fit,lac,laac,1,filtered_positive,0.3466608654047845
multisource_fit,lac,lac,1,filtered_positive,0.3142787219004354
multisource_fit,lac,llac,1,filtered_positive,0.6746012652314057
multisource_fit,tps,t p s,1,filtered_positive,0.5431208305563419
multisource_fit,tps,t ps,1,filtered_positive,0.392963802856816
multisource_fit,tps,t-ps,1,filtered_positive,0.4778105830250018
multisource_fit,tps,tp s,1,filtered_positive,0.48189609161823505
multisource_fit,tps,tp-s,1,filtered_positive,0.6748548944724353
multisource_fit,tps,tpps,1,filtered_positive,0.1138803387329927
multisource_fit,tps,tps,1,filtered_positive,0.3302698797992125
multisource_fit,tps,ttps,1,filtered_positive,0.18552145469469628
multisource_fit,tps:,t p s :,1,filtered_positive,0.517632810624631
multisource_fit,tps:,t ps:,1,filtered_positive,0.4410432822772125
multisource_fit,tps:,tpps:,1,filtered_positive,0.11190125084161773
multisource_fit,tps:,tps :,1,filtered_positive,0.27415078735171344
multisource_fit,tps:,tps:,1,filtered_positive,0.27415078735171344
multisource_fit,tps:,ttps:,1,filtered_positive,0.20330721253109518
multisource_fit,ttps,t t p s,1,filtered_positive,0.5806210833017215
multisource_fit,ttps,t tps,1,filtered_positive,0.39925021325415017
multisource_fit,ttps,t-tps,1,filtered_positive,0.5224697771891395
multisource_fit,ttps,ttp s,1,filtered_positive,0.27976570911351367
multisource_fit,ttps,ttp-s,1,filtered_positive,0.559169996533037
multisource_fit,ttps,tttps,1,filtered_positive,0.12518780928094322
multisource_fit,name,n a m e,1,filtered_positive,0.4053373469638459
multisource_fit,name,n ame,1,filtered_positive,0.3103557489209405
multisource_fit,name,n-ame,1,filtered_positive,0.4558038703262075
multisource_fit,name,naame,1,filtered_positive,0.4828229169673903
multisource_fit,name,nam e,1,filtered_positive,0.4328190061454444
multisource_fit,name,nam-e,1,filtered_positive,0.5738817602570834
multisource_fit,ellp,e llp,1,filtered_positive,0.5997187836076244
multisource_fit,ellp,eellp,1,filtered_positive,0.16836563402129318
multisource_fit,ellp,ell p,1,filtered_positive,0.11347072644744785
multisource_fit,ellp,ell-p,1,filtered_positive,0.2847576935827846
multisource_fit,ellp,elllp,1,filtered_positive,0.07660614541744347
multisource_fit,ellp,ellp,1,filtered_positive,0.0628796565071913
multisource_fit,llp,lllp,1,filtered_positive,0.37259951803643065
multisource_fit,llp,llp,1,filtered_positive,0.6542505666026068
multisource_fit,llph,lllph,1,filtered_positive,0.3637282837257804
multisource_fit,llph,llp h,1,filtered_positive,0.7406469343918456
multisource_fit,llph,llph,1,filtered_positive,0.6237419735278392
multisource_fit,lph,l p h,1,filtered_positive,0.7023993375790232
multisource_fit,__full_normal__,出kimsufiks-le双G口中奖款32G内存4THDD盘，月付€16.5，法国RBX3机房，续费至1月2号，200带号出,0,hard_negative_full,0.996354388319729
multisource_fit,__full_normal__,Q，群号，，753485420,0,hard_negative_full,0.9950615581015897
multisource_fit,__full_normal__,价VX：lxm520lxm520lxm诚信经营不买勿加,0,hard_negative_full,0.9949054812682271
multisource_fit,__full_normal__,如有需求请及时咨询QQ群：xxxxxxxx验证：投有所道或i,0,hard_negative_full,0.9900018135998377
multisource_fit,__full_normal__,欢迎777777777777777,0,hard_negative_full,0.9860008372754058
multisource_fit,__full_normal__,新号码18501409915望惠存,0,hard_negative_full,0.9850475431519963
multisource_fit,__full_normal__,5880-4040-980-128-368,0,hard_negative_full,0.9803540927375409
multisource_fit,__full_normal__,服务专员代码：1240518991,0,hard_negative_full,0.9792695875196852
multisource_fit,__full_normal__,详情请咨询：xxxxxxxxxxx,0,hard_negative_full,0.9767383595282515
multisource_fit,__full_normal__,欢迎弟弟ᚠᚠ,0,hard_negative_full,0.9727853069629745
multisource_fit,__full_normal__,给大家分享“xxebxdxdxxxbxbxexexdaxcbxbexxcbxxbxxxaxx,0,hard_negative_full,0.9694467310282057
multisource_fit,__full_normal__,Atestpublic12306密码外泄5647,0,hard_negative_full,0.9686127705195333
multisource_fit,__full_normal__,货号：SXGN0837406383,0,hard_negative_full,0.9684049223403302
multisource_fit,__full_normal__,/求脱团求k/求脱团/这里cn影宸,0,hard_negative_full,0.967803926283706
multisource_fit,__full_normal__,操你妈的，你来找的我，私信我干啥,0,hard_negative_full,0.9658980896475552
multisource_fit,__full_normal__,联系电话：xxxxxxxxxxx小符,0,hard_negative_full,0.9644815949393306
multisource_fit,__full_normal__,请加Q索取报价石狮店：石狮市石泉路199号长途汽车站戴斯大酒店旁手机：18876596925QQ,0,hard_negative_full,0.9641693736403596
multisource_fit,__full_normal__,编号：1032650微信mini11315,0,hard_negative_full,0.9640163364137694
multisource_fit,__full_normal__,33937214.加我！,0,hard_negative_full,0.9618722809364991
multisource_fit,__full_normal__,18838779192 你加我微,0,hard_negative_full,0.9613889407423037
multisource_fit,__full_normal__,有需要的亲扫二维码?V信咨询哈,0,hard_negative_full,0.9606321858057011
multisource_fit,__full_normal__,加weixin：cc115yy,0,hard_negative_full,0.9605953748519163
multisource_fit,__full_normal__,联系电话：13950000091,0,hard_negative_full,0.9595563201746082
multisource_fit,__full_normal__,5568买的生日号码,0,hard_negative_full,0.9579360175485966
multisource_fit,__full_normal__,v信st460626119,0,hard_negative_full,0.9576286940038624
multisource_fit,__full_normal__,工zi单工zi单～假图死全家不是坐着等着就能发财的一点一滴的付出得来的都是相等的回报我们不差你这几百块钱所以不强迫你入会咨询先翻烂朋友圈??,0,hard_negative_full,0.9564632504701569
multisource_fit,__full_normal__,给力价格xxxxxx发售…专注精品…章,0,hard_negative_full,0.9557110771371546
multisource_fit,__full_normal__,中行英镑双币卡,0,hard_negative_full,0.9539309518576621
multisource_fit,__full_normal__,租房询问微信号：nycleilei812地址：263western,0,hard_negative_full,0.9532681195731258
multisource_fit,__full_normal__,来自FMxxxxxxx真水无香—蕾,0,hard_negative_full,0.94936283593019
multisource_fit,__full_normal__,群p,0,hard_negative_full,0.9469655478697983
multisource_fit,__full_normal__,看面相加巍信号：ty1046614715,0,hard_negative_full,0.9468946593591583
multisource_fit,__full_normal__,批发/零售/招代理/咨询私聊,0,hard_negative_full,0.9429686000477259
multisource_fit,__full_normal__,就使用我的邀请码xxxxxh下载并登录浙江移动手机营业厅,0,hard_negative_full,0.9422420466653548
multisource_fit,__full_normal__,币旺欢迎加入Hostloc官方群，禁止讨论政治内容，禁止吵架、人身攻击，禁止NSFW内容,0,hard_negative_full,0.9417462878624374
multisource_fit,__full_normal__,有个投资理财QQ群邀请您的加入,0,hard_negative_full,0.9403160398301471
multisource_fit,__full_normal__,2015欧美外贸初秋女装新品时尚有范透视17号字母进口蕾丝上衣成分如图标S胸围102、衣长57M胸围106、衣长58L胸围110、衣长59,0,hard_negative_full,0.9400853027963602
multisource_fit,__full_normal__,名字写的白嫖...,0,hard_negative_full,0.9399511731566527
multisource_fit,__full_normal__,活动时间：8月1日—8月3日TEI：1346562228215065777755,0,hard_negative_full,0.937676578845062
multisource_fit,__full_normal__,就使用我的邀请码v4t34q下载并登录浙江移动手机营业厅,0,hard_negative_full,0.9374601044170298
multisource_fit,__full_normal__,群号166480707验证988必填,0,hard_negative_full,0.9373842927710234
multisource_fit,__full_normal__,SB53333,0,hard_negative_full,0.9372113457997208
multisource_fit,__full_normal__,Q群：454411510国际运费均摊国内运费自理,0,hard_negative_full,0.9369728372167405
multisource_fit,__full_normal__,?网页链接byGDGC&amp,0,hard_negative_full,0.9364544236688717
multisource_fit,__full_normal__,手上有QQ号或者QQ群可以转让的，私聊,0,hard_negative_full,0.9344841371716344
multisource_fit,__full_normal__,名字在线网骗,0,hard_negative_full,0.9337753120437209
multisource_fit,__full_normal__,爱 CC-名字-看-电视ᚰ,0,hard_negative_full,0.9293803776747717
multisource_fit,__full_normal__,666,0,hard_negative_full,0.9286343497823701
multisource_fit,__full_normal__,岀Ｔｇ防销会員呺,0,hard_negative_full,0.9273831562987197
multisource_fit,__full_normal__,三周价格375地址：saundersnessrd邮编：E143EA,0,hard_negative_full,0.9265424842870739
multisource_fit,__full_normal__,KirkFast沙雕网友你好呀，欢迎加入沙雕根据地，本群组是频道每日沙雕墙的聊天及投稿群组，禁止:广告、色情、政治、宗教、其他令人反感或不适的内容。,0,hard_negative_full,0.9255530379346922
multisource_fit,__full_normal__,??????????????????????????~^0^*'LawoftheJungle'specialepisode&lt,0,hard_negative_full,0.9247081961594878
multisource_fit,__full_normal__,我们就非常欢迎你加入omont这个爱玩爱闹的大家庭~请各路“花头精们”对号入座,0,hard_negative_full,0.9245207820903295
multisource_fit,__full_normal__,皇色买的老哥私,0,hard_negative_full,0.9242034421115327
multisource_fit,__full_normal__,就使用我的邀请码ixxxus下载并登录浙江移动手机营业厅,0,hard_negative_full,0.9225740323801774
multisource_fit,__full_normal__,就使用我的邀请码bxxxxs下载并登录浙江移动手机营业厅,0,hard_negative_full,0.9189742742080373
multisource_fit,__full_normal__,订单号：20150710124049857537,0,hard_negative_full,0.9184623138915147
multisource_fit,__full_normal__,想看万年竹QWQ,0,hard_negative_full,0.9183265361235541
multisource_fit,__full_normal__,x、步花间男万用红古“绛珠”原价xxx外景一次xxx包邮出x、步花间男万用白古“水龙吟”原价xxx外景一次xxx包邮出x、最不卖萌白绿幼年花千骨原价xxx游场一次外景一次xxx包邮出,0,hard_negative_full,0.9181203257781483
multisource_fit,__full_normal__,DaLe欢迎加入Hostloc官方群，禁止讨论政治内容，禁止吵架、人身攻击，禁止NSFW内容,0,hard_negative_full,0.9175421095564048
multisource_fit,__full_normal__,可以用来买tg新出的匿名号,0,hard_negative_full,0.9174699002067035
multisource_fit,__full_normal__,你wx公众号搜索,0,hard_negative_full,0.9164244319163705
multisource_fit,__full_normal__,输入我的推荐人代码“44t2mp”就可以获得超值魔幻卡,0,hard_negative_full,0.9157558108280165
multisource_fit,__full_normal__,可以加我微信：FFionaxxxx,0,hard_negative_full,0.9149256316152896
multisource_fit,__full_normal__,微信号13263561112欢迎咨询哦,0,hard_negative_full,0.9130270744143628
multisource_fit,__full_normal__,NilomMe欢迎加入Hostloc官方群，禁止讨论政治内容，禁止吵架、人身攻击，禁止NSFW内容,0,hard_negative_full,0.9129136560485765
multisource_fit,__full_normal__,超市发清河店报名方式：编辑姓名+年龄+店面发至15210262239,0,hard_negative_full,0.912006064054536
multisource_fit,__full_normal__,黄冈无痕接发wexxin：TOPxxxxxxxx,0,hard_negative_full,0.9116854673541159
multisource_fit,__full_normal__,就是我的业务代码xxxxxxxxxx此全部操作为免费,0,hard_negative_full,0.9097937295738839
multisource_fit,__full_normal__,QQ网名！微信,0,hard_negative_full,0.909649663941906
multisource_fit,__full_normal__,注册时输入邀请码40372129,0,hard_negative_full,0.9089491479208555
multisource_fit,__full_normal__,秒入至尊299??果断不墨迹现在的社会想要过自己高品质生活就必须加油你不努力别人也在努力要么赚要么看,0,hard_negative_full,0.908883490140197
multisource_fit,__full_normal__,纯白dyearstoleaveyou,0,hard_negative_full,0.9080614202240344
multisource_fit,__full_normal__,WX扫码抢好声音红包,0,hard_negative_full,0.9071158707455836
multisource_fit,__full_normal__,850602密码,0,hard_negative_full,0.9063677206606828
multisource_fit,__full_normal__,名字威武qeq,0,hard_negative_full,0.9061727792793324
multisource_fit,__full_normal__,给大家分享“嫁妝DowryEp159,0,hard_negative_full,0.9054849359796681
multisource_fit,__full_normal__,一会吧v过分观音姐姐八嘎嘎嘎嘎哈哈哈v个方法刚刚古古怪怪嘎嘎嘎胡结婚吧v方法嘎嘎嘎还好吧v吃饭方法烦烦烦古古惑惑,0,hard_negative_full,0.9046631301760676
multisource_fit,__full_normal__,xx点xx分中文红包口令：天弘基金容易宝,0,hard_negative_full,0.904644148962469
multisource_fit,__full_normal__,谁有tg官方的搜索群吗？,0,hard_negative_full,0.9039780712145143
multisource_fit,__full_normal__,135685977，,0,hard_negative_full,0.903933566603525
multisource_fit,__full_normal__,短信平台15605328080,0,hard_negative_full,0.9031130475010769
multisource_fit,__full_normal__,号不押镖，可以开几个葫芦搞点储备，新区葫芦就是白给钱的,0,hard_negative_full,0.9026846275447612
multisource_fit,__full_normal__,合一投资AcFun：A站B站相爱相杀之新番,0,hard_negative_full,0.9023869295720497
multisource_fit,__full_normal__,TonyYeung欢迎加入Hostloc官方群，禁止讨论政治内容，禁止吵架、人身攻击，禁止NSFW内容,0,hard_negative_full,0.901873334690303
multisource_fit,__full_normal__,U盘耳钉遥控器电脑考场座位号,0,hard_negative_full,0.8999343456527359
multisource_fit,__full_normal__,棒球服+格子衬衫+深灰色高腰短裤+黑色长筒袜+黑色高跟鞋+红色礼帽,0,hard_negative_full,0.899149725863739
multisource_fit,__full_normal__,%u6DF1证成指报12684,0,hard_negative_full,0.8987434528577366
multisource_fit,__full_normal__,初意+1ᚠ,0,hard_negative_full,0.8987237389518483
multisource_fit,__full_normal__,户口簿地址,0,hard_negative_full,0.8967711474306385
multisource_fit,__full_normal__,xxxx初秋新款时尚欧美风蕾丝拼接牛仔马甲马夹牛仔白蕾丝牛仔黑蕾丝均码xx,0,hard_negative_full,0.8959621132464681
multisource_fit,__full_normal__,想买个长期的域名,0,hard_negative_full,0.894978813949546
multisource_fit,__full_normal__,来首GO,0,hard_negative_full,0.8942786037547802
multisource_fit,__full_normal__,会场地址：杭州之江饭店5楼千人大会堂联系人：陈小姐联系电话：18258037707,0,hard_negative_full,0.8931722526303859
multisource_fit,__full_normal__,就使用我的邀请码3i475e下载并登录浙江移动手机营业厅,0,hard_negative_full,0.8929306630866821
multisource_fit,__full_normal__,最新qq理财通红包老用户1,0,hard_negative_full,0.892596094882762
multisource_fit,__full_normal__,x星推荐恋爱排班表百度云网盘,0,hard_negative_full,0.8922485246373529
multisource_fit,__full_normal__,名字叫私好,0,hard_negative_full,0.8915338944768103
multisource_fit,__full_normal__,联系电话13629587222,0,hard_negative_full,0.8909785973707671
multisource_fit,__full_normal__,钻石卡充值1000尊享20元/张泰安店大众点评半价减20银行卡活动：刷泰安商行岱宗卡3600积分换2D影票1张,0,hard_negative_full,0.8901230438524066
multisource_fit,201,2201,0,hard_negative_variant,0.7488166146381993
multisource_fit,015,0-15,0,hard_negative_variant,0.3755314132052853
multisource_fit,015,0015,0,hard_negative_variant,0.5202022266861313
multisource_fit,015,01-5,0,hard_negative_variant,0.3050620375648882
multisource_fit,015,0115,0,hard_negative_variant,0.6215788865019464
multisource_fit,015,015,0,hard_negative_variant,0.5878497157218772
multisource_fit,2015,2 015,0,hard_negative_variant,0.4030500004616786
multisource_fit,2015,2-015,0,hard_negative_variant,0.5447879754882194
multisource_fit,2015,201-5,0,hard_negative_variant,0.27238455993132576
multisource_fit,2015,22015,0,hard_negative_variant,0.7257655189638484
multisource_fit,质疑,质一,0,hard_negative_variant,0.45548713774270944
multisource_fit,质疑,质以,0,hard_negative_variant,0.39111949154731074
multisource_fit,微软,位软,0,hard_negative_variant,0.7382667264121021
multisource_fit,微软,微阮,0,hard_negative_variant,0.6403113139400491
multisource_fit,城管,成管,0,hard_negative_variant,0.4991754944665213
multisource_fit,这样,折样,0,hard_negative_variant,0.3587159627986657
multisource_fit,南京,难京,0,hard_negative_variant,0.37536383869315165
multisource_fit,15年,15-年,0,hard_negative_variant,0.3443177576326095
multisource_fit,15年,15念,0,hard_negative_variant,0.337439885794345
multisource_fit,千骨,千股,0,hard_negative_variant,0.3904104384440691
multisource_fit,千骨,千顾,0,hard_negative_variant,0.7402812631771575
multisource_fit,花千,华千,0,hard_negative_variant,0.37193289534916557
multisource_fit,花千,话千,0,hard_negative_variant,0.3405241060235227
multisource_fit,花千骨,花千-骨,0,hard_negative_variant,0.34071521293921425
multisource_fit,花千骨,花千股,0,hard_negative_variant,0.29849440534158916
multisource_fit,花千骨,花千顾,0,hard_negative_variant,0.6061313693054718
multisource_fit,花千骨,话千骨,0,hard_negative_variant,0.28188906995731766
multisource_fit,江苏,奖苏,0,hard_negative_variant,0.3101071555175775
multisource_fit,015年,0015年,0,hard_negative_variant,0.3558205073427158
multisource_fit,015年,0115年,0,hard_negative_variant,0.42859152712257703
multisource_fit,015年,015 年,0,hard_negative_variant,0.5103760640160482
multisource_fit,015年,015-年,0,hard_negative_variant,0.8957150657465319
multisource_fit,015年,015年,0,hard_negative_variant,0.5103760640160482
multisource_fit,015年,015念,0,hard_negative_variant,0.7670072807520607
multisource_fit,015年,015辗,0,hard_negative_variant,0.4088587104633319
multisource_fit,7月,77月,0,hard_negative_variant,0.27792993808994054
multisource_fit,7月,7约,0,hard_negative_variant,0.4537987834766086
multisource_fit,7月,7越,0,hard_negative_variant,0.5284754654035568
multisource_fit,应该,应盖,0,hard_negative_variant,0.49663554201041804
multisource_fit,应该,营该,0,hard_negative_variant,0.39694719852629856
multisource_fit,应该,迎该,0,hard_negative_variant,0.5913308213561645
multisource_fit,社会,涉会,0,hard_negative_variant,0.38854203256360054
multisource_fit,社会,社回,0,hard_negative_variant,0.437122156810335
multisource_fit,社会,社惠,0,hard_negative_variant,0.703843625596384
multisource_fit,腐败,腐白,0,hard_negative_variant,0.545956206694311
multisource_fit,腐败,腐百,0,hard_negative_variant,0.6928518671236079
multisource_fit,5年,5念,0,hard_negative_variant,0.36393504909715657
multisource_fit,扬州,扬周,0,hard_negative_variant,0.6714381623656208
multisource_fit,扬州,扬扬州,0,hard_negative_variant,0.2875557525309296
multisource_fit,扬州,扬洲,0,hard_negative_variant,0.26980706023449164
multisource_fit,小偷,小投,0,hard_negative_variant,0.5029738477230526
multisource_fit,小偷,效偷,0,hard_negative_variant,0.5436022234156321
multisource_train,lace,l a c e,1,filtered_positive,0.5826854916295237
multisource_train,lace,l ace,1,filtered_positive,0.6653526265690051
multisource_train,lace,laace,1,filtered_positive,0.6631969227536392
multisource_train,lace,lac e,1,filtered_positive,0.457934484402994
multisource_train,lace,lac-e,1,filtered_positive,0.6477845021639796
multisource_train,lace,lace,1,filtered_positive,0.21930387569315668
multisource_train,plac,p lac,1,filtered_positive,0.5259456172345947
multisource_train,plac,p-lac,1,filtered_positive,0.6755052504496999
multisource_train,plac,pla c,1,filtered_positive,0.6078819782260892
multisource_train,plac,plac,1,filtered_positive,0.3015121300919209
multisource_train,plac,pllac,1,filtered_positive,0.28304447021788337
multisource_train,plac,pplac,1,filtered_positive,0.25868080283637374
multisource_train,dig,d i g,1,filtered_positive,0.523859267877599
multisource_train,dig,d ig,1,filtered_positive,0.418454083308103
multisource_train,dig,d-ig,1,filtered_positive,0.5303226642755423
multisource_train,dig,ddig,1,filtered_positive,0.35332555449846376
multisource_train,dig,di g,1,filtered_positive,0.6782733833896584
multisource_train,dig,dig,1,filtered_positive,0.6612411097640198
multisource_train,dig,diig,1,filtered_positive,0.660358202347592
multisource_train,digi,d i g i,1,filtered_positive,0.5380272672986302
multisource_train,digi,d igi,1,filtered_positive,0.40671751186963745
multisource_train,digi,d-igi,1,filtered_positive,0.5453049538597888
multisource_train,digi,ddigi,1,filtered_positive,0.3094329871330409
multisource_train,digi,diigi,1,filtered_positive,0.5467253629755513
multisource_train,igit,i g i t,1,filtered_positive,0.585794272573586
multisource_train,igit,i git,1,filtered_positive,0.5439480974453226
multisource_train,igit,i-git,1,filtered_positive,0.6619741849136574
multisource_train,igit,iggit,1,filtered_positive,0.38525246597399376
multisource_train,igit,igi t,1,filtered_positive,0.5332791804559243
multisource_train,igit,igi-t,1,filtered_positive,0.7266963947898566
multisource_train,igit,igit,1,filtered_positive,0.19899384639633194
multisource_train,igit,iigit,1,filtered_positive,0.412831987023152
multisource_train,尊敬,尊 敬,1,filtered_positive,0.139700595478064
multisource_train,尊敬,尊京,1,filtered_positive,0.6088296482352372
multisource_train,尊敬,尊尊敬,1,filtered_positive,0.294111533979897
multisource_train,尊敬,尊敬,1,filtered_positive,0.13970062836182975
multisource_train,尊敬,尊敬敬,1,filtered_positive,0.3448221053294981
multisource_train,尊敬,尊经,1,filtered_positive,0.6484380976369734
multisource_train,尊敬,樽敬,1,filtered_positive,0.7360249104226401
multisource_train,尊敬,遵敬,1,filtered_positive,0.4924397546724791
multisource_train,尊敬的,尊 敬 的,1,filtered_positive,0.17004996177284568
multisource_train,尊敬的,尊 敬的,1,filtered_positive,0.17004996177284568
multisource_train,尊敬的,尊京的,1,filtered_positive,0.7285014271516719
multisource_train,尊敬的,尊尊敬的,1,filtered_positive,0.29244892943369594
multisource_train,尊敬的,尊敬 的,1,filtered_positive,0.17004996177284568
multisource_train,尊敬的,尊敬-的,1,filtered_positive,0.33965007372533246
multisource_train,尊敬的,尊敬得,1,filtered_positive,0.111513695396785
multisource_train,尊敬的,尊敬德,1,filtered_positive,0.3082527742661188
multisource_train,尊敬的,尊敬敬的,1,filtered_positive,0.29496235622549755
multisource_train,尊敬的,尊敬的,1,filtered_positive,0.17004996177284568
multisource_train,尊敬的,尊经的,1,filtered_positive,0.7383477420876687
multisource_train,尊敬的,樽敬的,1,filtered_positive,0.7029501659511137
multisource_train,尊敬的,遵敬的,1,filtered_positive,0.4285439537970584
multisource_train,敬的,京的,1,filtered_positive,0.20536159840707838
multisource_train,敬的,敬 的,1,filtered_positive,0.3719793793187847
multisource_train,敬的,敬得,1,filtered_positive,0.3430061686509828
multisource_train,敬的,敬德,1,filtered_positive,0.2835679470510731
multisource_train,敬的,敬敬的,1,filtered_positive,0.4011492560587577
multisource_train,敬的,敬的,1,filtered_positive,0.3719795524674548
multisource_train,敬的,敬的的,1,filtered_positive,0.28180215253872637
multisource_train,敬的,经的,1,filtered_positive,0.09910093167484262
multisource_train,退订,推订,1,filtered_positive,0.6326804931593741
multisource_train,退订,退 订,1,filtered_positive,0.6753121180265333
multisource_train,退订,退定,1,filtered_positive,0.356075900909179
multisource_train,退订,退订,1,filtered_positive,0.6753121180265333
multisource_train,退订,退顶,1,filtered_positive,0.3522881879619689
multisource_train,t元,tt元,1,filtered_positive,0.6865756053226738
multisource_train,t元,t元元,1,filtered_positive,0.7418298176631415
multisource_train,t元,t院,1,filtered_positive,0.5481664736174685
multisource_train,git元,g it元,1,filtered_positive,0.5700342256553487
multisource_train,git元,g-it元,1,filtered_positive,0.7333225039273861
multisource_train,git元,giit元,1,filtered_positive,0.7356309429014724
multisource_train,git元,git 元,1,filtered_positive,0.7259656655624601
multisource_train,git元,git元,1,filtered_positive,0.7259656655624601
multisource_train,git元,git员,1,filtered_positive,0.5340279789865569
multisource_train,git元,git院,1,filtered_positive,0.2693560332809719
multisource_train,it元,iit元,1,filtered_positive,0.7221615266486273
multisource_train,it元,it 元,1,filtered_positive,0.5812771844357887
multisource_train,it元,itt元,1,filtered_positive,0.5784317457121859
multisource_train,it元,it元,1,filtered_positive,0.5812771844357887
multisource_train,it元,it员,1,filtered_positive,0.31789248497137496
multisource_train,it元,it院,1,filtered_positive,0.14852862019758648
multisource_train,git,g i t,1,filtered_positive,0.5756528970896329
multisource_train,git,g it,1,filtered_positive,0.1329865948287931
multisource_train,git,g-it,1,filtered_positive,0.29927021334059767
multisource_train,git,ggit,1,filtered_positive,0.642343976361931
multisource_train,git,gi t,1,filtered_positive,0.6337535816536695
multisource_train,git,gi-t,1,filtered_positive,0.7381110050962626
multisource_train,git,giit,1,filtered_positive,0.42500707345553457
multisource_train,git,git,1,filtered_positive,0.31118452106145994
multisource_train,igi,i g i,1,filtered_positive,0.621640360542495
multisource_train,igi,i gi,1,filtered_positive,0.5959078681190269
multisource_train,igi,i-gi,1,filtered_positive,0.7278087817687553
multisource_train,igi,ig i,1,filtered_positive,0.4998160711136802
multisource_train,igi,ig-i,1,filtered_positive,0.6984744902808631
multisource_train,igi,iggi,1,filtered_positive,0.5488798412199405
multisource_train,igi,igi,1,filtered_positive,0.29764841280415416
multisource_train,igi,iigi,1,filtered_positive,0.6132942958813193
multisource_train,t.me,t . m e,1,filtered_positive,0.48583441914561615
multisource_train,t.me,t .me,1,filtered_positive,0.44729379275273085
multisource_train,t.me,t.m e,1,filtered_positive,0.48583441914561615
multisource_train,t.me,t.me,1,filtered_positive,0.44729379275273085
multisource_train,t.me,tt.me,1,filtered_positive,0.36677828789344025
multisource_train,lac,l a c,1,filtered_positive,0.6488008244384482
multisource_train,lac,l ac,1,filtered_positive,0.6829796857770403
multisource_train,lac,l-ac,1,filtered_positive,0.7358030394127499
multisource_train,lac,la c,1,filtered_positive,0.5720567617412795
multisource_train,lac,la-c,1,filtered_positive,0.7226975127595714
multisource_train,lac,laac,1,filtered_positive,0.38030882694684814
multisource_train,lac,lac,1,filtered_positive,0.30870247317956756
multisource_train,lac,llac,1,filtered_positive,0.700457127494253
multisource_train,http,h t t p,1,filtered_positive,0.47869001845407605
multisource_train,http,h ttp,1,filtered_positive,0.2468688434775316
multisource_train,http,h-ttp,1,filtered_positive,0.4816305692159587
multisource_train,http,hhttp,1,filtered_positive,0.6817122810401965
multisource_train,http,htt p,1,filtered_positive,0.2424526305543326
multisource_train,http,htt-p,1,filtered_positive,0.44873981865272616
multisource_train,http,http,1,filtered_positive,0.5596374555785756
multisource_train,http,htttp,1,filtered_positive,0.20753303229254177
multisource_train,name,n a m e,1,filtered_positive,0.3969243257019056
multisource_train,name,n ame,1,filtered_positive,0.29828744361081766
multisource_train,name,n-ame,1,filtered_positive,0.45811993857714434
multisource_train,name,naame,1,filtered_positive,0.4948067268924933
multisource_train,name,nam e,1,filtered_positive,0.4098021344171361
multisource_train,name,nam-e,1,filtered_positive,0.5717480960014817
multisource_train,户您,护您,1,filtered_positive,0.5910711423442018
multisource_train,户您,湖您,1,filtered_positive,0.23707973075300526
multisource_train,tps,t p s,1,filtered_positive,0.5101204959859413
multisource_train,tps,t ps,1,filtered_positive,0.3295089676261429
multisource_train,tps,t-ps,1,filtered_positive,0.4210924737792317
multisource_train,tps,tp s,1,filtered_positive,0.4718269619945286
multisource_train,tps,tp-s,1,filtered_positive,0.691235311146605
multisource_train,tps,tpps,1,filtered_positive,0.09491826708588016
multisource_train,tps,tps,1,filtered_positive,0.3374722713411268
multisource_train,tps,ttps,1,filtered_positive,0.1712368930558311
multisource_train,tps:,t p s :,1,filtered_positive,0.480773556237667
multisource_train,tps:,t ps:,1,filtered_positive,0.37608552767975695
multisource_train,tps:,tpps:,1,filtered_positive,0.09281175997525892
multisource_train,tps:,tps :,1,filtered_positive,0.2723713874899108
multisource_train,tps:,tps:,1,filtered_positive,0.2723713874899108
multisource_train,tps:,ttps:,1,filtered_positive,0.18396238283316782
multisource_train,ttps,t t p s,1,filtered_positive,0.5484406520846968
multisource_train,ttps,t tps,1,filtered_positive,0.39530438224158704
multisource_train,ttps,t-tps,1,filtered_positive,0.5317713387890787
multisource_train,ttps,ttp s,1,filtered_positive,0.23784059680297093
multisource_train,ttps,ttp-s,1,filtered_positive,0.5406767537712428
multisource_train,ttps,tttps,1,filtered_positive,0.11238596827586685
multisource_train,llp,l l p,1,filtered_positive,0.727994351033084
multisource_train,llp,lllp,1,filtered_positive,0.35494808141359124
multisource_train,llp,llp,1,filtered_positive,0.6688549613801743
multisource_train,ellp,e llp,1,filtered_positive,0.6191589233345348
multisource_train,ellp,eellp,1,filtered_positive,0.17092703922818261
multisource_train,ellp,ell p,1,filtered_positive,0.08130921866827324
multisource_train,ellp,ell-p,1,filtered_positive,0.2458172077936068
multisource_train,ellp,elllp,1,filtered_positive,0.06878020815113642
multisource_train,llph,l l p h,1,filtered_positive,0.7300772450201034
multisource_train,llph,lllph,1,filtered_positive,0.3093085271907429
multisource_train,llph,llp h,1,filtered_positive,0.7390974051176076
multisource_train,llph,llph,1,filtered_positive,0.6321350295210749
multisource_train,lph,l p h,1,filtered_positive,0.6873348184584266
multisource_train,lph,l ph,1,filtered_positive,0.6790386559545473
multisource_train,lph,l-ph,1,filtered_positive,0.6908550614162892
multisource_train,__full_normal__,出kimsufiks-le双G口中奖款32G内存4THDD盘，月付€16.5，法国RBX3机房，续费至1月2号，200带号出,0,hard_negative_full,0.9967202031130957
multisource_train,__full_normal__,Q，群号，，753485420,0,hard_negative_full,0.9957356849260978
multisource_train,__full_normal__,价VX：lxm520lxm520lxm诚信经营不买勿加,0,hard_negative_full,0.9952264841957752
multisource_train,__full_normal__,聚来宝官网注册官方好友ID号：82063132,0,hard_negative_full,0.993258607568332
multisource_train,__full_normal__,如有需求请及时咨询QQ群：xxxxxxxx验证：投有所道或i,0,hard_negative_full,0.9915124088086992
multisource_train,__full_normal__,投资理财交流群287398679验证码M011,0,hard_negative_full,0.9867460417327286
multisource_train,__full_normal__,5880-4040-980-128-368,0,hard_negative_full,0.9835214637142534
multisource_train,__full_normal__,登陆聚来宝官网免费注册ID2629282412,0,hard_negative_full,0.9827305989199793
multisource_train,__full_normal__,欢迎777777777777777,0,hard_negative_full,0.9827186454929857
multisource_train,__full_normal__,新号码18501409915望惠存,0,hard_negative_full,0.9810304980831154
multisource_train,__full_normal__,购票方式：中演票务通官网www,0,hard_negative_full,0.9782628860926285
multisource_train,__full_normal__,晒单拿积分会员编号：bcefg订单编号A2015061101033837转运日期6,0,hard_negative_full,0.9782323902251546
multisource_train,__full_normal__,服务专员代码：1240518991,0,hard_negative_full,0.9773189492382283
multisource_train,__full_normal__,详情请咨询：xxxxxxxxxxx,0,hard_negative_full,0.9744020374977845
multisource_train,__full_normal__,Atestpublic455312306密码外泄,0,hard_negative_full,0.9732308460990297
multisource_train,__full_normal__,操你妈的，你来找的我，私信我干啥,0,hard_negative_full,0.972722935483798
multisource_train,__full_normal__,给大家分享“xxebxdxdxxxbxbxexexdaxcbxbexxcbxxbxxxaxx,0,hard_negative_full,0.971330765206903
multisource_train,__full_normal__,财富热线：18332095527贺,0,hard_negative_full,0.9705135935000317
multisource_train,__full_normal__,73F18FE30882962D,0,hard_negative_full,0.9688637689726437
multisource_train,__full_normal__,看网名的,0,hard_negative_full,0.9677520405804404
multisource_train,__full_normal__,欢迎弟弟ᚠᚠ,0,hard_negative_full,0.9672127251888905
multisource_train,__full_normal__,联系电话：xxxxxxxxxxx小符,0,hard_negative_full,0.9670895242687306
multisource_train,__full_normal__,Atestpublic12306密码外泄5647,0,hard_negative_full,0.965128042526507
multisource_train,__full_normal__,18838779192 你加我微,0,hard_negative_full,0.9650317522210343
multisource_train,__full_normal__,咨询热线：18682677221,0,hard_negative_full,0.9648570501756324
multisource_train,__full_normal__,/求脱团求k/求脱团/这里cn影宸,0,hard_negative_full,0.964846689785149
multisource_train,__full_normal__,货号：SXGN0837406383,0,hard_negative_full,0.9635874119836261
multisource_train,__full_normal__,有需要的亲扫二维码?V信咨询哈,0,hard_negative_full,0.9621275756456243
multisource_train,__full_normal__,加weixin：xo68ada,0,hard_negative_full,0.9619493799024826
multisource_train,__full_normal__,5568买的生日号码,0,hard_negative_full,0.9614688675702525
multisource_train,__full_normal__,加weixin：cc115yy,0,hard_negative_full,0.9611648773088506
multisource_train,__full_normal__,33937214.加我！,0,hard_negative_full,0.9611365033679026
multisource_train,__full_normal__,加二维码?v信咨询诚招代理支持一件代发,0,hard_negative_full,0.9601580188471469
multisource_train,__full_normal__,群p,0,hard_negative_full,0.9581399001903088
multisource_train,__full_normal__,请加Q索取报价石狮店：石狮市石泉路199号长途汽车站戴斯大酒店旁手机：18876596925QQ,0,hard_negative_full,0.9578392218946762
multisource_train,__full_normal__,来自FMxxxxxxx真水无香—蕾,0,hard_negative_full,0.9576728992572321
multisource_train,__full_normal__,编号：1032650微信mini11315,0,hard_negative_full,0.9573342612675372
multisource_train,__full_normal__,工zi单工zi单～假图死全家不是坐着等着就能发财的一点一滴的付出得来的都是相等的回报我们不差你这几百块钱所以不强迫你入会咨询先翻烂朋友圈??,0,hard_negative_full,0.9569820155142613
multisource_train,__full_normal__,租房询问微信号：nycleilei812地址：263western,0,hard_negative_full,0.9554469096828927
multisource_train,__full_normal__,给力价格xxxxxx发售…专注精品…章,0,hard_negative_full,0.9553205781998368
multisource_train,__full_normal__,v信st460626119,0,hard_negative_full,0.953247585692327
multisource_train,__full_normal__,153-6322-7777,0,hard_negative_full,0.9525412374106265
multisource_train,__full_normal__,联系电话：13950000091,0,hard_negative_full,0.9516844436660795
multisource_train,__full_normal__,By浙江在线O网页链接家长们,0,hard_negative_full,0.9493587886456345
multisource_train,__full_normal__,中行英镑双币卡,0,hard_negative_full,0.9493025922082909
multisource_train,__full_normal__,2015欧美外贸初秋女装新品时尚有范透视17号字母进口蕾丝上衣成分如图标S胸围102、衣长57M胸围106、衣长58L胸围110、衣长59,0,hard_negative_full,0.947932358482507
multisource_train,__full_normal__,看面相加巍信号：ty1046614715,0,hard_negative_full,0.947363294052565
multisource_train,__full_normal__,批发/零售/招代理/咨询私聊,0,hard_negative_full,0.9451836993796461
multisource_train,__full_normal__,群号166480707验证988必填,0,hard_negative_full,0.9450231972291152
multisource_train,__full_normal__,KirkFast沙雕网友你好呀，欢迎加入沙雕根据地，本群组是频道每日沙雕墙的聊天及投稿群组，禁止:广告、色情、政治、宗教、其他令人反感或不适的内容。,0,hard_negative_full,0.9444037314307003
multisource_train,__full_normal__,有个投资理财QQ群邀请您的加入,0,hard_negative_full,0.944152471645579
multisource_train,__full_normal__,币旺欢迎加入Hostloc官方群，禁止讨论政治内容，禁止吵架、人身攻击，禁止NSFW内容,0,hard_negative_full,0.9436827847098777
multisource_train,__full_normal__,可以去看CCV联动时的主页了解更详情信息,0,hard_negative_full,0.9406628917206014
multisource_train,__full_normal__,三周价格375地址：saundersnessrd邮编：E143EA,0,hard_negative_full,0.9389114652394998
multisource_train,__full_normal__,就使用我的邀请码xxxxxh下载并登录浙江移动手机营业厅,0,hard_negative_full,0.9380901947747309
multisource_train,__full_normal__,就使用我的邀请码v4t34q下载并登录浙江移动手机营业厅,0,hard_negative_full,0.9379585212696918
multisource_train,__full_normal__,爱 CC-名字-看-电视ᚰ,0,hard_negative_full,0.937686064349231
multisource_train,__full_normal__,想看万年竹QWQ,0,hard_negative_full,0.9371576843452267
multisource_train,__full_normal__,PPxxxx收报xxxx元/吨,0,hard_negative_full,0.9361421807792281
multisource_train,__full_normal__,输入我的推荐人代码“44u3zn”就可以获得超值魔幻卡,0,hard_negative_full,0.9346088512931686
multisource_train,__full_normal__,Q群：454411510国际运费均摊国内运费自理,0,hard_negative_full,0.9341500490389423
multisource_train,__full_normal__,我想买黑妹www,0,hard_negative_full,0.9338287681574489
multisource_train,__full_normal__,新惠普护眼贴代理销售,0,hard_negative_full,0.9337942336395638
multisource_train,__full_normal__,官方补偿你圣何塞4837,0,hard_negative_full,0.9329694452374058
multisource_train,__full_normal__,ZFB到账3.70元,0,hard_negative_full,0.9319330522860291
multisource_train,__full_normal__,岀Ｔｇ防销会員呺,0,hard_negative_full,0.9307491379159656
multisource_train,__full_normal__,名字写的白嫖...,0,hard_negative_full,0.9283310310868623
multisource_train,__full_normal__,活动时间：8月1日—8月3日TEI：1346562228215065777755,0,hard_negative_full,0.926132604988399
multisource_train,__full_normal__,QQ网名！微信,0,hard_negative_full,0.9258443585940529
multisource_train,__full_normal__,?网页链接byGDGC&amp,0,hard_negative_full,0.9248786053486978
multisource_train,__full_normal__,名字在线网骗,0,hard_negative_full,0.9243080207482444
multisource_train,__full_normal__,皇色买的老哥私,0,hard_negative_full,0.9239236724898789
multisource_train,__full_normal__,xxxx年x月x日腾讯好莱坞vip账号共享,0,hard_negative_full,0.9228401288226692
multisource_train,__full_normal__,谁有tg官方的搜索群吗？,0,hard_negative_full,0.9228339851743816
multisource_train,__full_normal__,手上有QQ号或者QQ群可以转让的，私聊,0,hard_negative_full,0.9225748892641509
multisource_train,__full_normal__,佳亿生活速递让生活变得更便捷|商业信息|联系电话,0,hard_negative_full,0.9217501301232431
multisource_train,__full_normal__,NilomMe欢迎加入Hostloc官方群，禁止讨论政治内容，禁止吵架、人身攻击，禁止NSFW内容,0,hard_negative_full,0.9202639993804489
multisource_train,__full_normal__,666,0,hard_negative_full,0.9201153670578113
multisource_train,__full_normal__,135685977，,0,hard_negative_full,0.9199713835969353
multisource_train,__full_normal__,名字威武qeq,0,hard_negative_full,0.9196755384218388
multisource_train,__full_normal__,唰留言1000条9块名片赞1000个9块说说点赞评论9块访客500个9块圈圈赞拉满9块QQ钻9块QQ号改五位数号9块飞车业务腾讯游戏业务可收徒,0,hard_negative_full,0.9195932848762997
multisource_train,__full_normal__,安静内敛哈士柴欢迎加入Hostloc官方群，禁止讨论政治内容，禁止吵架、人身攻击，禁止NSFW内容,0,hard_negative_full,0.919427697042179
multisource_train,__full_normal__,x、步花间男万用红古“绛珠”原价xxx外景一次xxx包邮出x、步花间男万用白古“水龙吟”原价xxx外景一次xxx包邮出x、最不卖萌白绿幼年花千骨原价xxx游场一次外景一次xxx包邮出,0,hard_negative_full,0.9194149153232795
multisource_train,__full_normal__,就使用我的邀请码bxxxxs下载并登录浙江移动手机营业厅,0,hard_negative_full,0.9188772141287048
multisource_train,__full_normal__,SB53333,0,hard_negative_full,0.9186280961503673
multisource_train,__full_normal__,75275+3636+我的名字家00,0,hard_negative_full,0.9182091762840087
multisource_train,__full_normal__,就使用我的邀请码ixxxus下载并登录浙江移动手机营业厅,0,hard_negative_full,0.9174968595161181
multisource_train,__full_normal__,想买个长期的域名,0,hard_negative_full,0.9163200314756389
multisource_train,__full_normal__,DaLe欢迎加入Hostloc官方群，禁止讨论政治内容，禁止吵架、人身攻击，禁止NSFW内容,0,hard_negative_full,0.9157465427658665
multisource_train,__full_normal__,可以加我微信：FFionaxxxx,0,hard_negative_full,0.9157283904336068
multisource_train,__full_normal__,超市发清河店报名方式：编辑姓名+年龄+店面发至15210262239,0,hard_negative_full,0.9156629955080454
multisource_train,__full_normal__,豪，看私,0,hard_negative_full,0.9154057234767876
multisource_train,__full_normal__,给大家分享“嫁妝DowryEp159,0,hard_negative_full,0.914822424236535
multisource_train,__full_normal__,我们就非常欢迎你加入omont这个爱玩爱闹的大家庭~请各路“花头精们”对号入座,0,hard_negative_full,0.9147932781552701
multisource_train,__full_normal__,你wx公众号搜索,0,hard_negative_full,0.9123447048329281
multisource_train,__full_normal__,850602密码,0,hard_negative_full,0.9112499386732845
multisource_train,__full_normal__,嘉禾集团hi家平台提供专业的免费量房验房服务啦,0,hard_negative_full,0.9110916386325626
multisource_train,__full_normal__,??????????????????????????~^0^*'LawoftheJungle'specialepisode&lt,0,hard_negative_full,0.9104175867572113
multisource_train,__full_normal__,这家DMIT圣何塞4837，我265买的，200出的，不是说这款机器不好哈，只是这家让我亏大了,0,hard_negative_full,0.9100375732413514
multisource_train,__full_normal__,秒入至尊299??果断不墨迹现在的社会想要过自己高品质生活就必须加油你不努力别人也在努力要么赚要么看,0,hard_negative_full,0.9090146964375199
multisource_train,质疑,质一,0,hard_negative_variant,0.49797709069287366
multisource_train,质疑,质以,0,hard_negative_variant,0.41447137050682803
multisource_train,城管,成管,0,hard_negative_variant,0.5542934378175001
multisource_train,城管,程管,0,hard_negative_variant,0.31996064083317954
multisource_train,015,0-15,0,hard_negative_variant,0.3612223336402986
multisource_train,015,0015,0,hard_negative_variant,0.4635196184505053
multisource_train,015,01-5,0,hard_negative_variant,0.32444173814389615
multisource_train,015,0115,0,hard_negative_variant,0.5703979288977903
multisource_train,015,015,0,hard_negative_variant,0.5826249693264802
multisource_train,2015,2 015,0,hard_negative_variant,0.3956469322459197
multisource_train,2015,2-015,0,hard_negative_variant,0.5611569286485256
multisource_train,2015,22015,0,hard_negative_variant,0.6981398533014829
multisource_train,201,2201,0,hard_negative_variant,0.7065513866286678
multisource_train,应该,应盖,0,hard_negative_variant,0.47700995040802896
multisource_train,应该,营该,0,hard_negative_variant,0.4104719735679373
multisource_train,应该,迎该,0,hard_negative_variant,0.5432482725413239
multisource_train,南京,难京,0,hard_negative_variant,0.4432059271076692
multisource_train,腐败,腐白,0,hard_negative_variant,0.5373739170306232
multisource_train,腐败,腐百,0,hard_negative_variant,0.6831605235962023
multisource_train,微软,位软,0,hard_negative_variant,0.806162693125278
multisource_train,微软,微阮,0,hard_negative_variant,0.6989419929898311
multisource_train,15年,15-年,0,hard_negative_variant,0.3698350310971869
multisource_train,15年,15念,0,hard_negative_variant,0.3153052669025546
multisource_train,江苏,奖苏,0,hard_negative_variant,0.32658440119676646
multisource_train,015年,0015年,0,hard_negative_variant,0.32926565948261866
multisource_train,015年,0115年,0,hard_negative_variant,0.4103721786076889
multisource_train,015年,015 年,0,hard_negative_variant,0.5410321711289905
multisource_train,015年,015-年,0,hard_negative_variant,0.9097462307092301
multisource_train,015年,015年,0,hard_negative_variant,0.5410321711289905
multisource_train,015年,015念,0,hard_negative_variant,0.7481505585934829
multisource_train,015年,015辗,0,hard_negative_variant,0.43534202139810935
multisource_train,举报,举 报,0,hard_negative_variant,0.3370727566124732
multisource_train,举报,举举报,0,hard_negative_variant,0.4573996234416107
multisource_train,举报,举保,0,hard_negative_variant,0.6420479124093585
multisource_train,举报,举包,0,hard_negative_variant,0.6000470418906363
multisource_train,举报,举报,0,hard_negative_variant,0.33707283161537005
multisource_train,举报,举报报,0,hard_negative_variant,0.39515934335051006
multisource_train,1日,1 日,0,hard_negative_variant,0.27399281664849556
multisource_train,1日,1日,0,hard_negative_variant,0.273992210973203
multisource_train,1日,1日日,0,hard_negative_variant,0.3011400058876092
multisource_train,千骨,千股,0,hard_negative_variant,0.41517381010260723
multisource_train,千骨,千顾,0,hard_negative_variant,0.8034550622047805
multisource_train,花千,化千,0,hard_negative_variant,0.6413011093488288
multisource_train,花千,话千,0,hard_negative_variant,0.34649358288398024
multisource_train,花千骨,化千骨,0,hard_negative_variant,0.2632624272083173
multisource_train,花千骨,花千-骨,0,hard_negative_variant,0.32200055875002204
multisource_train,花千骨,花千股,0,hard_negative_variant,0.270653360066058
multisource_train,花千骨,花千顾,0,hard_negative_variant,0.64379615166777
multisource_train,花千骨,话千骨,0,hard_negative_variant,0.27000774758966045
multisource_train,5年,5念,0,hard_negative_variant,0.3377269474212221
multisource_train,7月,77月,0,hard_negative_variant,0.28221525386449053
multisource_train,7月,7约,0,hard_negative_variant,0.4871589436160409
multisource_train,7月,7越,0,hard_negative_variant,0.47106400712382496
multisource_train,这样,折样,0,hard_negative_variant,0.38264971822152005
multisource_train,小偷,小投,0,hard_negative_variant,0.5843623428821942
multisource_train,小偷,效偷,0,hard_negative_variant,0.6043818388603517
multisource_train,小偷,消偷,0,hard_negative_variant,0.2845584288120019
multisource_train,资者,子者,0,hard_negative_variant,0.3300086097776772
multisource_train,资者,自者,0,hard_negative_variant,0.3625426650977273
multisource_train,资者,资 者,0,hard_negative_variant,0.38455967096991284
multisource_train,资者,资折,0,hard_negative_variant,0.8812047646604171
multisource_train,资者,资者,0,hard_negative_variant,0.38455967096991284
multisource_train,资者,资者者,0,hard_negative_variant,0.3277589666806957
multisource_train,资者,资资者,0,hard_negative_variant,0.36094433825255695
multisource_train,资者,资这,0,hard_negative_variant,0.2626922774772907
multisource_train,投资者,偷资者,0,hard_negative_variant,0.35399415966548115
